full_text_id	screening_id	title	year	title_abstract_decision	retrieval_priority	needs_metadata_lookup	doi	arxiv_id	sources	preferred_url	pdf_path	text_path	retrieval_status	retrieval_source	retrieved_at_utc	failure_reason	notes
FT0001	TA00310	Reflexion: Language Agents with Verbal Reinforcement Learning	2023	include	1_include	no	10.48550/arXiv.2303.11366	2303.11366	arxiv_chunk; citations; scopus	https://arxiv.org/pdf/2303.11366	search/full-texts/pdf/FT0001_TA00310_reflexion-language-agents-with-verbal-reinforcement-learning.pdf	search/full-texts/text/FT0001_TA00310_reflexion-language-agents-with-verbal-reinforcement-learning.txt	ok	arxiv	2026-04-28T21:25:49Z		Calibration batch 001.
FT0002	TA00018	Iterative Experience Refinement of Software-Developing Agents	2024	include	1_include	no	10.48550/arXiv.2405.04219	2405.04219	arxiv_chunk	https://arxiv.org/pdf/2405.04219	search/full-texts/pdf/FT0002_TA00018_iterative-experience-refinement-of-software-developing-agents.pdf	search/full-texts/text/FT0002_TA00018_iterative-experience-refinement-of-software-developing-agents.txt	ok	arxiv	2026-04-28T21:25:50Z		Calibration batch 005.
FT0003	TA00466	FALCON: Feedback-driven Adaptive Long/short-term memory reinforced Coding Optimization system	2024	include	1_include	no	10.48550/arXiv.2410.21349	2410.21349	arxiv_chunk	https://arxiv.org/pdf/2410.21349	search/full-texts/pdf/FT0003_TA00466_falcon-feedback-driven-adaptive-long-short-term-memory-reinforced-coding-optimiz.pdf	search/full-texts/text/FT0003_TA00466_falcon-feedback-driven-adaptive-long-short-term-memory-reinforced-coding-optimiz.txt	ok	arxiv	2026-04-28T21:25:51Z		Calibration batch 005.
FT0004	TA00540	Skill-Adpative Imitation Learning for UI Test Reuse	2024	include	1_include	no	10.48550/arXiv.2409.13311	2409.13311	arxiv_chunk	https://arxiv.org/pdf/2409.13311	search/full-texts/pdf/FT0004_TA00540_skill-adpative-imitation-learning-for-ui-test-reuse.pdf	search/full-texts/text/FT0004_TA00540_skill-adpative-imitation-learning-for-ui-test-reuse.txt	ok	arxiv	2026-04-28T21:25:53Z		Calibration batch 005.
FT0005	TA01356	LLMs as Continuous Learners: Improving the Reproduction of Defective Code in Software Issues	2024	include	1_include	no	10.48550/arxiv.2411.13941	2411.13941	citations	https://arxiv.org/pdf/2411.13941	search/full-texts/pdf/FT0005_TA01356_llms-as-continuous-learners-improving-the-reproduction-of-defective-code-in-soft.pdf	search/full-texts/text/FT0005_TA01356_llms-as-continuous-learners-improving-the-reproduction-of-defective-code-in-soft.txt	ok	arxiv	2026-04-28T21:25:54Z		Batch 011 citation-only with abstracts.
FT0006	TA00077	From Knowledge to Noise: CTIM-Rover and the Pitfalls of Episodic Memory in Software Engineering Agents	2025	include	1_include	no	10.48550/arXiv.2505.23422	2505.23422	arxiv_chunk; citations	https://arxiv.org/pdf/2505.23422	search/full-texts/pdf/FT0006_TA00077_from-knowledge-to-noise-ctim-rover-and-the-pitfalls-of-episodic-memory-in-softwa.pdf	search/full-texts/text/FT0006_TA00077_from-knowledge-to-noise-ctim-rover-and-the-pitfalls-of-episodic-memory-in-softwa.txt	ok	arxiv	2026-04-28T21:25:55Z		Calibration batch 001.
FT0007	TA00084	SWE-Bench-CL: Continual Learning for Coding Agents	2025	include	1_include	no	10.48550/arXiv.2507.00014	2507.00014	arxiv_chunk; citations	https://arxiv.org/pdf/2507.00014	search/full-texts/pdf/FT0007_TA00084_swe-bench-cl-continual-learning-for-coding-agents.pdf	search/full-texts/text/FT0007_TA00084_swe-bench-cl-continual-learning-for-coding-agents.txt	ok	arxiv	2026-04-28T21:25:57Z		Calibration batch 001.
FT0008	TA00093	Prometheus: Towards Long-Horizon Codebase Navigation for Repository-Level Problem Solving	2025	include	1_include	no	10.48550/arXiv.2507.19942	2507.19942	arxiv_chunk; citations	https://arxiv.org/pdf/2507.19942	search/full-texts/pdf/FT0008_TA00093_prometheus-towards-long-horizon-codebase-navigation-for-repository-level-problem.pdf	search/full-texts/text/FT0008_TA00093_prometheus-towards-long-horizon-codebase-navigation-for-repository-level-problem.txt	ok	arxiv	2026-04-28T21:26:00Z		Calibration batch 001.
FT0009	TA00096	SWE-Exp: Experience-Driven Software Issue Resolution	2025	include	1_include	no	10.48550/arXiv.2507.23361	2507.23361	arxiv_chunk; citations	https://arxiv.org/pdf/2507.23361	search/full-texts/pdf/FT0009_TA00096_swe-exp-experience-driven-software-issue-resolution.pdf	search/full-texts/text/FT0009_TA00096_swe-exp-experience-driven-software-issue-resolution.txt	ok	arxiv	2026-04-28T21:26:03Z		Calibration batch 001.
FT0010	TA00127	TOM-SWE: User Mental Modeling For Software Engineering Agents	2025	include	1_include	no	10.48550/arXiv.2510.21903	2510.21903	arxiv_chunk	https://arxiv.org/pdf/2510.21903	search/full-texts/pdf/FT0010_TA00127_tom-swe-user-mental-modeling-for-software-engineering-agents.pdf	search/full-texts/text/FT0010_TA00127_tom-swe-user-mental-modeling-for-software-engineering-agents.txt	ok	arxiv	2026-04-28T21:26:04Z		Calibration batch 003.
FT0011	TA00129	TALM: Dynamic Tree-Structured Multi-Agent Framework with Long-Term Memory for Scalable Code Generation	2025	include	1_include	no	10.48550/arXiv.2510.23010	2510.23010	arxiv_chunk	https://arxiv.org/pdf/2510.23010	search/full-texts/pdf/FT0011_TA00129_talm-dynamic-tree-structured-multi-agent-framework-with-long-term-memory-for-sca.pdf	search/full-texts/text/FT0011_TA00129_talm-dynamic-tree-structured-multi-agent-framework-with-long-term-memory-for-sca.txt	ok	arxiv	2026-04-28T21:26:05Z		Calibration batch 003.
FT0012	TA00142	Smarter Together: Creating Agentic Communities of Practice through Shared Experiential Learning	2025	include	1_include	no	10.48550/arXiv.2511.08301	2511.08301	arxiv_chunk	https://arxiv.org/pdf/2511.08301	search/full-texts/pdf/FT0012_TA00142_smarter-together-creating-agentic-communities-of-practice-through-shared-experie.pdf	search/full-texts/text/FT0012_TA00142_smarter-together-creating-agentic-communities-of-practice-through-shared-experie.txt	ok	arxiv	2026-04-28T21:26:07Z		Calibration batch 004.
FT0013	TA00148	CodeDistiller: Automatically Generating Code Libraries for Scientific Coding Agents	2025	include	1_include	no	10.48550/arXiv.2512.01089	2512.01089	arxiv_chunk	https://arxiv.org/pdf/2512.01089	search/full-texts/pdf/FT0013_TA00148_codedistiller-automatically-generating-code-libraries-for-scientific-coding-agen.pdf	search/full-texts/text/FT0013_TA00148_codedistiller-automatically-generating-code-libraries-for-scientific-coding-agen.txt	ok	arxiv	2026-04-28T21:26:08Z		Calibration batch 004.
FT0014	TA00153	PBFuzz: Agentic Directed Fuzzing for PoV Generation	2025	include	1_include	no	10.48550/arXiv.2512.04611	2512.04611	arxiv_chunk	https://arxiv.org/pdf/2512.04611	search/full-texts/pdf/FT0014_TA00153_pbfuzz-agentic-directed-fuzzing-for-pov-generation.pdf	search/full-texts/text/FT0014_TA00153_pbfuzz-agentic-directed-fuzzing-for-pov-generation.txt	ok	arxiv	2026-04-28T21:26:10Z		Calibration batch 004.
FT0015	TA00154	DeepCode: Open Agentic Coding	2025	include	1_include	no	10.48550/arXiv.2512.07921	2512.07921	arxiv_chunk	https://arxiv.org/pdf/2512.07921	search/full-texts/pdf/FT0015_TA00154_deepcode-open-agentic-coding.pdf	search/full-texts/text/FT0015_TA00154_deepcode-open-agentic-coding.txt	ok	arxiv	2026-04-28T21:26:12Z		Calibration batch 004.
FT0016	TA00156	Confucius Code Agent: Scalable Agent Scaffolding for Real-World Codebases	2025	include	1_include	no	10.48550/arXiv.2512.10398	2512.10398	arxiv_chunk; citations	https://arxiv.org/pdf/2512.10398	search/full-texts/pdf/FT0016_TA00156_confucius-code-agent-scalable-agent-scaffolding-for-real-world-codebases.pdf	search/full-texts/text/FT0016_TA00156_confucius-code-agent-scalable-agent-scaffolding-for-real-world-codebases.txt	ok	arxiv	2026-04-28T21:26:13Z		Calibration batch 001.
FT0017	TA00162	Reflection-Driven Control for Trustworthy Code Agents	2025	include	1_include	no	10.48550/arXiv.2512.21354	2512.21354	arxiv_chunk	https://arxiv.org/pdf/2512.21354	search/full-texts/pdf/FT0017_TA00162_reflection-driven-control-for-trustworthy-code-agents.pdf	search/full-texts/text/FT0017_TA00162_reflection-driven-control-for-trustworthy-code-agents.txt	ok	arxiv	2026-04-28T21:26:16Z		Calibration batch 004.
FT0018	TA00288	AutoMLGen: Navigating Fine-Grained Optimization for Coding Agents	2025	include	1_include	no	10.48550/arXiv.2510.08511	2510.08511	arxiv_chunk	https://arxiv.org/pdf/2510.08511	search/full-texts/pdf/FT0018_TA00288_automlgen-navigating-fine-grained-optimization-for-coding-agents.pdf	search/full-texts/text/FT0018_TA00288_automlgen-navigating-fine-grained-optimization-for-coding-agents.txt	ok	arxiv	2026-04-28T21:26:18Z		Calibration batch 004.
FT0019	TA00346	Toward Generation of Test Cases from Task Descriptions via History-aware Planning	2025	include	1_include	no	10.48550/arXiv.2504.14336	2504.14336	arxiv_chunk	https://katalon.com/hubfs/%5BCommunication%5D%20Research%20Paper/2.%20Toward%20Generation%20of%20Test%20Cases%20from%20Task%20Descriptions%20via%20History-aware%20Planning.pdf	search/full-texts/pdf/FT0019_TA00346_toward-generation-of-test-cases-from-task-descriptions-via-history-aware-plannin.pdf	search/full-texts/text/FT0019_TA00346_toward-generation-of-test-cases-from-task-descriptions-via-history-aware-plannin.txt	ok	manual_url	2026-04-28T21:34:40Z		Calibration batch 004. | manual URL retrieval: Public PDF found after arXiv PDF returned 404; arXiv record is withdrawn.
FT0020	TA00355	TAI3: Testing Agent Integrity in Interpreting User Intent	2025	include	1_include	no	10.48550/arXiv.2506.07524	2506.07524	arxiv_chunk	https://arxiv.org/pdf/2506.07524	search/full-texts/pdf/FT0020_TA00355_tai3-testing-agent-integrity-in-interpreting-user-intent.pdf	search/full-texts/text/FT0020_TA00355_tai3-testing-agent-integrity-in-interpreting-user-intent.txt	ok	arxiv	2026-04-28T21:26:22Z		Calibration batch 004.
FT0021	TA00361	Git Context Controller: Manage the Context of LLM-based Agents like Git	2025	include	1_include	no	10.48550/arXiv.2508.00031	2508.00031	arxiv_chunk	https://arxiv.org/pdf/2508.00031	search/full-texts/pdf/FT0021_TA00361_git-context-controller-manage-the-context-of-llm-based-agents-like-git.pdf	search/full-texts/text/FT0021_TA00361_git-context-controller-manage-the-context-of-llm-based-agents-like-git.txt	ok	arxiv	2026-04-28T21:26:23Z		Calibration batch 004.
FT0022	TA00370	ReasoningBank: Scaling Agent Self-Evolving with Reasoning Memory	2025	include	1_include	no	10.48550/arXiv.2509.25140	2509.25140	arxiv_chunk; citations	https://arxiv.org/pdf/2509.25140	search/full-texts/pdf/FT0022_TA00370_reasoningbank-scaling-agent-self-evolving-with-reasoning-memory.pdf	search/full-texts/text/FT0022_TA00370_reasoningbank-scaling-agent-self-evolving-with-reasoning-memory.txt	ok	arxiv	2026-04-28T21:26:25Z		Calibration batch 001.
FT0023	TA00371	Improving Code Localization with Repository Memory	2025	include	1_include	no	10.48550/arXiv.2510.01003	2510.01003	arxiv_chunk; citations	https://arxiv.org/pdf/2510.01003	search/full-texts/pdf/FT0023_TA00371_improving-code-localization-with-repository-memory.pdf	search/full-texts/text/FT0023_TA00371_improving-code-localization-with-repository-memory.txt	ok	arxiv	2026-04-28T21:26:26Z		Calibration batch 001.
FT0024	TA00449	Xolver: Multi-Agent Reasoning with Holistic Experience Learning Just Like an Olympiad Team	2025	include	1_include	no	10.48550/arXiv.2506.14234	2506.14234	arxiv_chunk	https://arxiv.org/pdf/2506.14234	search/full-texts/pdf/FT0024_TA00449_xolver-multi-agent-reasoning-with-holistic-experience-learning-just-like-an-olym.pdf	search/full-texts/text/FT0024_TA00449_xolver-multi-agent-reasoning-with-holistic-experience-learning-just-like-an-olym.txt	ok	arxiv	2026-04-28T21:26:29Z		Calibration batch 004.
FT0025	TA00450	AccelOpt: A Self-Improving LLM Agentic System for AI Accelerator Kernel Optimization	2025	include	1_include	no	10.48550/arXiv.2511.15915	2511.15915	arxiv_chunk; citations	https://arxiv.org/pdf/2511.15915	search/full-texts/pdf/FT0025_TA00450_accelopt-a-self-improving-llm-agentic-system-for-ai-accelerator-kernel-optimizat.pdf	search/full-texts/text/FT0025_TA00450_accelopt-a-self-improving-llm-agentic-system-for-ai-accelerator-kernel-optimizat.txt	ok	arxiv	2026-04-28T21:26:31Z		Calibration batch 001.
FT0026	TA00452	MemoryGraft: Persistent Compromise of LLM Agents via Poisoned Experience Retrieval	2025	include	1_include	no	10.48550/arXiv.2512.16962	2512.16962	arxiv_chunk	https://arxiv.org/pdf/2512.16962	search/full-texts/pdf/FT0026_TA00452_memorygraft-persistent-compromise-of-llm-agents-via-poisoned-experience-retrieva.pdf	search/full-texts/text/FT0026_TA00452_memorygraft-persistent-compromise-of-llm-agents-via-poisoned-experience-retrieva.txt	ok	arxiv	2026-04-28T21:26:32Z		Calibration batch 004.
FT0027	TA00472	MLZero: A Multi-Agent System for End-to-end Machine Learning Automation	2025	include	1_include	no	10.48550/arXiv.2505.13941	2505.13941	arxiv_chunk	https://arxiv.org/pdf/2505.13941	search/full-texts/pdf/FT0027_TA00472_mlzero-a-multi-agent-system-for-end-to-end-machine-learning-automation.pdf	search/full-texts/text/FT0027_TA00472_mlzero-a-multi-agent-system-for-end-to-end-machine-learning-automation.txt	ok	arxiv	2026-04-28T21:26:39Z		Calibration batch 004.
FT0028	TA00473	EXPEREPAIR: Dual-Memory Enhanced LLM-based Repository-Level Program Repair	2025	include	1_include	no	10.48550/arXiv.2506.10484	2506.10484	arxiv_chunk; citations	https://arxiv.org/pdf/2506.10484	search/full-texts/pdf/FT0028_TA00473_experepair-dual-memory-enhanced-llm-based-repository-level-program-repair.pdf	search/full-texts/text/FT0028_TA00473_experepair-dual-memory-enhanced-llm-based-repository-level-program-repair.txt	ok	arxiv	2026-04-28T21:26:40Z		Calibration batch 001.
FT0029	TA00477	MEMTRACK: Evaluating Long-Term Memory and State Tracking in Multi-Platform Dynamic Agent Environments	2025	include	1_include	no	10.48550/arXiv.2510.01353	2510.01353	arxiv_chunk; citations	https://arxiv.org/pdf/2510.01353	search/full-texts/pdf/FT0029_TA00477_memtrack-evaluating-long-term-memory-and-state-tracking-in-multi-platform-dynami.pdf	search/full-texts/text/FT0029_TA00477_memtrack-evaluating-long-term-memory-and-state-tracking-in-multi-platform-dynami.txt	ok	arxiv	2026-04-28T21:26:42Z		Calibration batch 001.
FT0030	TA00588	Agent KB: Leveraging Cross-Domain Experience for Agentic Problem Solving	2025	include	1_include	no	10.48550/arXiv.2507.06229	2507.06229	arxiv_chunk; citations	https://arxiv.org/pdf/2507.06229	search/full-texts/pdf/FT0030_TA00588_agent-kb-leveraging-cross-domain-experience-for-agentic-problem-solving.pdf	search/full-texts/text/FT0030_TA00588_agent-kb-leveraging-cross-domain-experience-for-agentic-problem-solving.txt	ok	arxiv	2026-04-28T21:26:43Z		Calibration batch 001.
FT0031	TA00677	Evolving Triple Knowledge-Augmented LLMs for Code Translation in Repository Context	2025	include	1_include	no	10.48550/arXiv.2503.18305	2503.18305	arxiv_chunk	https://arxiv.org/pdf/2503.18305	search/full-texts/pdf/FT0031_TA00677_evolving-triple-knowledge-augmented-llms-for-code-translation-in-repository-cont.pdf	search/full-texts/text/FT0031_TA00677_evolving-triple-knowledge-augmented-llms-for-code-translation-in-repository-cont.txt	ok	arxiv	2026-04-28T21:26:45Z		Calibration batch 005.
FT0032	TA01147	ECO: An LLM-Driven Efficient Code Optimizer for Warehouse Scale Computers	2025	include	1_include	no	10.48550/arxiv.2503.15669	2503.15669	citations	https://arxiv.org/pdf/2503.15669	search/full-texts/pdf/FT0032_TA01147_eco-an-llm-driven-efficient-code-optimizer-for-warehouse-scale-computers.pdf	search/full-texts/text/FT0032_TA01147_eco-an-llm-driven-efficient-code-optimizer-for-warehouse-scale-computers.txt	ok	arxiv	2026-04-28T21:26:46Z		Batch 008 citation-only with abstracts.
FT0033	TA01175	EvoLattice: Persistent Internal-Population Evolution through Multi-Alternative Quality-Diversity Graph Representations for LLM-Guided Program Discovery	2025	include	1_include	no	10.48550/arxiv.2512.13857	2512.13857	citations	https://arxiv.org/pdf/2512.13857	search/full-texts/pdf/FT0033_TA01175_evolattice-persistent-internal-population-evolution-through-multi-alternative-qu.pdf	search/full-texts/text/FT0033_TA01175_evolattice-persistent-internal-population-evolution-through-multi-alternative-qu.txt	ok	arxiv	2026-04-28T21:26:48Z		Batch 008 citation-only with abstracts.
FT0034	TA01346	Lingxi: Repository-Level Issue Resolution Framework Enhanced by Procedural Knowledge Guided Scaling	2025	include	1_include	no	10.48550/arxiv.2510.11838	2510.11838	citations	https://arxiv.org/pdf/2510.11838	search/full-texts/pdf/FT0034_TA01346_lingxi-repository-level-issue-resolution-framework-enhanced-by-procedural-knowle.pdf	search/full-texts/text/FT0034_TA01346_lingxi-repository-level-issue-resolution-framework-enhanced-by-procedural-knowle.txt	ok	arxiv	2026-04-28T21:26:50Z		Batch 009 citation-only with abstracts.
FT0035	TA00171	EET: Experience-Driven Early Termination for Cost-Efficient Software Engineering Agents	2026	include	1_include	no	10.48550/arXiv.2601.05777	2601.05777	arxiv_chunk	https://arxiv.org/pdf/2601.05777	search/full-texts/pdf/FT0035_TA00171_eet-experience-driven-early-termination-for-cost-efficient-software-engineering.pdf	search/full-texts/text/FT0035_TA00171_eet-experience-driven-early-termination-for-cost-efficient-software-engineering.txt	ok	arxiv	2026-04-28T21:26:51Z		Calibration batch 002.
FT0036	TA00173	MemGovern: Enhancing Code Agents through Learning from Governed Human Experiences	2026	include	1_include	no	10.48550/arXiv.2601.06789	2601.06789	arxiv_chunk; citations	https://arxiv.org/pdf/2601.06789	search/full-texts/pdf/FT0036_TA00173_memgovern-enhancing-code-agents-through-learning-from-governed-human-experiences.pdf	search/full-texts/text/FT0036_TA00173_memgovern-enhancing-code-agents-through-learning-from-governed-human-experiences.txt	ok	arxiv	2026-04-28T21:26:53Z		Calibration batch 001.
FT0037	TA00195	SWE Context Bench: A Benchmark for Context Learning in Coding	2026	include	1_include	no	10.48550/arXiv.2602.08316	2602.08316	arxiv_chunk	https://arxiv.org/pdf/2602.08316	search/full-texts/pdf/FT0037_TA00195_swe-context-bench-a-benchmark-for-context-learning-in-coding.pdf	search/full-texts/text/FT0037_TA00195_swe-context-bench-a-benchmark-for-context-learning-in-coding.txt	ok	arxiv	2026-04-28T21:26:54Z		Calibration batch 002.
FT0038	TA00200	KernelBlaster: Continual Cross-Task CUDA Optimization via Memory-Augmented In-Context Reinforcement Learning	2026	include	1_include	no	10.48550/arXiv.2602.14293	2602.14293	arxiv_chunk	https://arxiv.org/pdf/2602.14293	search/full-texts/pdf/FT0038_TA00200_kernelblaster-continual-cross-task-cuda-optimization-via-memory-augmented-in-con.pdf	search/full-texts/text/FT0038_TA00200_kernelblaster-continual-cross-task-cuda-optimization-via-memory-augmented-in-con.txt	ok	arxiv	2026-04-28T21:26:58Z		Calibration batch 002.
FT0039	TA00202	OpenSage: Self-programming Agent Generation Engine	2026	include	1_include	no	10.48550/arXiv.2602.16891	2602.16891	arxiv_chunk	https://arxiv.org/pdf/2602.16891	search/full-texts/pdf/FT0039_TA00202_opensage-self-programming-agent-generation-engine.pdf	search/full-texts/text/FT0039_TA00202_opensage-self-programming-agent-generation-engine.txt	ok	arxiv	2026-04-28T21:26:59Z		Calibration batch 002.
FT0040	TA00207	Structurally Aligned Subtask-Level Memory for Software Engineering Agents	2026	include	1_include	no	10.48550/arXiv.2602.21611	2602.21611	arxiv_chunk; citations	https://arxiv.org/pdf/2602.21611	search/full-texts/pdf/FT0040_TA00207_structurally-aligned-subtask-level-memory-for-software-engineering-agents.pdf	search/full-texts/text/FT0040_TA00207_structurally-aligned-subtask-level-memory-for-software-engineering-agents.txt	ok	arxiv	2026-04-28T21:27:01Z		Calibration batch 001.
FT0041	TA00208	Your Code Agent Can Grow Alongside You with Structured Memory	2026	include	1_include	no	10.48550/arXiv.2603.13258	2603.13258	arxiv_chunk; citations	https://arxiv.org/pdf/2603.13258	search/full-texts/pdf/FT0041_TA00208_your-code-agent-can-grow-alongside-you-with-structured-memory.pdf	search/full-texts/text/FT0041_TA00208_your-code-agent-can-grow-alongside-you-with-structured-memory.txt	ok	arxiv	2026-04-28T21:27:02Z		Calibration batch 001.
FT0042	TA00215	Building Effective AI Coding Agents for the Terminal: Scaffolding, Harness, Context Engineering, and Lessons Learned	2026	include	1_include	no	10.48550/arXiv.2603.05344	2603.05344	arxiv_chunk	https://arxiv.org/pdf/2603.05344	search/full-texts/pdf/FT0042_TA00215_building-effective-ai-coding-agents-for-the-terminal-scaffolding-harness-context.pdf	search/full-texts/text/FT0042_TA00215_building-effective-ai-coding-agents-for-the-terminal-scaffolding-harness-context.txt	ok	arxiv	2026-04-28T21:27:04Z		Calibration batch 002.
FT0043	TA00218	Memory for Autonomous LLM Agents:Mechanisms, Evaluation, and Emerging Frontiers	2026	include	1_include	no	10.48550/arXiv.2603.07670	2603.07670	arxiv_chunk	https://arxiv.org/pdf/2603.07670	search/full-texts/pdf/FT0043_TA00218_memory-for-autonomous-llm-agents-mechanisms-evaluation-and-emerging-frontiers.pdf	search/full-texts/text/FT0043_TA00218_memory-for-autonomous-llm-agents-mechanisms-evaluation-and-emerging-frontiers.txt	ok	arxiv	2026-04-28T21:27:06Z		Calibration batch 002.
FT0044	TA00235	Learning to Commit: Generating Organic Pull Requests via Online Repository Memory	2026	include	1_include	no	10.48550/arXiv.2603.26664	2603.26664	arxiv_chunk; citations	https://arxiv.org/pdf/2603.26664	search/full-texts/pdf/FT0044_TA00235_learning-to-commit-generating-organic-pull-requests-via-online-repository-memory.pdf	search/full-texts/text/FT0044_TA00235_learning-to-commit-generating-organic-pull-requests-via-online-repository-memory.txt	ok	arxiv	2026-04-28T21:27:07Z		Calibration batch 001.
FT0045	TA00236	Codebase-Memory: Tree-Sitter-Based Knowledge Graphs for LLM Code Exploration via MCP	2026	include	1_include	no	10.48550/arXiv.2603.27277	2603.27277	arxiv_chunk	https://arxiv.org/pdf/2603.27277	search/full-texts/pdf/FT0045_TA00236_codebase-memory-tree-sitter-based-knowledge-graphs-for-llm-code-exploration-via.pdf	search/full-texts/text/FT0045_TA00236_codebase-memory-tree-sitter-based-knowledge-graphs-for-llm-code-exploration-via.txt	ok	arxiv	2026-04-28T21:27:08Z		Calibration batch 002.
FT0046	TA00246	Beyond Crash-to-Patch: Patch Evolution for Linux Kernel Repair	2026	include	1_include	no	10.48550/arXiv.2604.03851	2604.03851	arxiv_chunk	https://arxiv.org/pdf/2604.03851	search/full-texts/pdf/FT0046_TA00246_beyond-crash-to-patch-patch-evolution-for-linux-kernel-repair.pdf	search/full-texts/text/FT0046_TA00246_beyond-crash-to-patch-patch-evolution-for-linux-kernel-repair.txt	ok	arxiv	2026-04-28T21:27:09Z		Calibration batch 002.
FT0047	TA00247	SuperLocalMemory V3.3: The Living Brain -- Biologically-Inspired Forgetting, Cognitive Quantization, and Multi-Channel Retrieval for Zero-LLM Agent Memory Systems	2026	include	1_include	no	10.48550/arXiv.2604.04514	2604.04514	arxiv_chunk	https://arxiv.org/pdf/2604.04514	search/full-texts/pdf/FT0047_TA00247_superlocalmemory-v3-3-the-living-brain-biologically-inspired-forgetting-cognitiv.pdf	search/full-texts/text/FT0047_TA00247_superlocalmemory-v3-3-the-living-brain-biologically-inspired-forgetting-cognitiv.txt	ok	arxiv	2026-04-28T21:27:11Z		Calibration batch 002.
FT0048	TA00266	Memory Transfer Learning: How Memories are Transferred Across Domains in Coding Agents	2026	include	1_include	no	10.48550/arXiv.2604.14004	2604.14004	arxiv_chunk; citations	https://arxiv.org/pdf/2604.14004	search/full-texts/pdf/FT0048_TA00266_memory-transfer-learning-how-memories-are-transferred-across-domains-in-coding-a.pdf	search/full-texts/text/FT0048_TA00266_memory-transfer-learning-how-memories-are-transferred-across-domains-in-coding-a.txt	ok	arxiv	2026-04-28T21:27:12Z		Calibration batch 001.
FT0049	TA00274	OpenGame: Open Agentic Coding for Games	2026	include	1_include	no	10.48550/arXiv.2604.18394	2604.18394	arxiv_chunk	https://arxiv.org/pdf/2604.18394	search/full-texts/pdf/FT0049_TA00274_opengame-open-agentic-coding-for-games.pdf	search/full-texts/text/FT0049_TA00274_opengame-open-agentic-coding-for-games.txt	ok	arxiv	2026-04-28T21:27:13Z		Calibration batch 002.
FT0050	TA00299	EvoSkill: Automated Skill Discovery for Multi-Agent Systems	2026	include	1_include	no	10.48550/arXiv.2603.02766	2603.02766	arxiv_chunk	https://arxiv.org/pdf/2603.02766	search/full-texts/pdf/FT0050_TA00299_evoskill-automated-skill-discovery-for-multi-agent-systems.pdf	search/full-texts/text/FT0050_TA00299_evoskill-automated-skill-discovery-for-multi-agent-systems.txt	ok	arxiv	2026-04-28T21:27:15Z		Calibration batch 002.
FT0051	TA00405	Traversal-as-Policy: Log-Distilled Gated Behavior Trees as Externalized, Verifiable Policies for Safe, Robust, and Efficient Agents	2026	include	1_include	no	10.48550/arXiv.2603.05517	2603.05517	arxiv_chunk	https://arxiv.org/pdf/2603.05517	search/full-texts/pdf/FT0051_TA00405_traversal-as-policy-log-distilled-gated-behavior-trees-as-externalized-verifiabl.pdf	search/full-texts/text/FT0051_TA00405_traversal-as-policy-log-distilled-gated-behavior-trees-as-externalized-verifiabl.txt	ok	arxiv	2026-04-28T21:27:16Z		Calibration batch 002.
FT0052	TA00407	Learning Abstractions for Hierarchical Planning in Program-Synthesis Agents	2026	include	1_include	no	10.48550/arXiv.2602.00929	2602.00929	arxiv_chunk	https://arxiv.org/pdf/2602.00929	search/full-texts/pdf/FT0052_TA00407_learning-abstractions-for-hierarchical-planning-in-program-synthesis-agents.pdf	search/full-texts/text/FT0052_TA00407_learning-abstractions-for-hierarchical-planning-in-program-synthesis-agents.txt	ok	arxiv	2026-04-28T21:27:17Z		Calibration batch 002.
FT0053	TA00430	AdaExplore: Failure-Driven Adaptation and Diversity-Preserving Search for Efficient Kernel Generation	2026	include	1_include	no	10.48550/arXiv.2604.16625	2604.16625	arxiv_chunk; citations	https://arxiv.org/pdf/2604.16625	search/full-texts/pdf/FT0053_TA00430_adaexplore-failure-driven-adaptation-and-diversity-preserving-search-for-efficie.pdf	search/full-texts/text/FT0053_TA00430_adaexplore-failure-driven-adaptation-and-diversity-preserving-search-for-efficie.txt	ok	arxiv	2026-04-28T21:27:19Z		Calibration batch 001.
FT0054	TA00478	TextBFGS: A Case-Based Reasoning Approach to Code Optimization via Error-Operator Retrieval	2026	include	1_include	no	10.48550/arXiv.2602.00059	2602.00059	arxiv_chunk	https://arxiv.org/pdf/2602.00059	search/full-texts/pdf/FT0054_TA00478_textbfgs-a-case-based-reasoning-approach-to-code-optimization-via-error-operator.pdf	search/full-texts/text/FT0054_TA00478_textbfgs-a-case-based-reasoning-approach-to-code-optimization-via-error-operator.txt	ok	arxiv	2026-04-28T21:27:20Z		Calibration batch 003.
FT0055	TA00483	FailureMem: A Failure-Aware Multimodal Framework for Autonomous Software Repair	2026	include	1_include	no	10.48550/arXiv.2603.17826	2603.17826	arxiv_chunk	https://arxiv.org/pdf/2603.17826	search/full-texts/pdf/FT0055_TA00483_failuremem-a-failure-aware-multimodal-framework-for-autonomous-software-repair.pdf	search/full-texts/text/FT0055_TA00483_failuremem-a-failure-aware-multimodal-framework-for-autonomous-software-repair.txt	ok	arxiv	2026-04-28T21:27:21Z		Calibration batch 003.
FT0056	TA00486	MEMCoder: Multi-dimensional Evolving Memory for Private-Library-Oriented Code Generation	2026	include	1_include	no	10.48550/arXiv.2604.24222	2604.24222	arxiv_chunk	https://arxiv.org/pdf/2604.24222	search/full-texts/pdf/FT0056_TA00486_memcoder-multi-dimensional-evolving-memory-for-private-library-oriented-code-gen.pdf	search/full-texts/text/FT0056_TA00486_memcoder-multi-dimensional-evolving-memory-for-private-library-oriented-code-gen.txt	ok	arxiv	2026-04-28T21:27:22Z		Calibration batch 003.
FT0057	TA00622	CodeMEM: AST-Guided Adaptive Memory for Repository-Level Iterative Code Generation	2026	include	1_include	no	10.48550/arXiv.2601.02868	2601.02868	arxiv_chunk	https://arxiv.org/pdf/2601.02868	search/full-texts/pdf/FT0057_TA00622_codemem-ast-guided-adaptive-memory-for-repository-level-iterative-code-generatio.pdf	search/full-texts/text/FT0057_TA00622_codemem-ast-guided-adaptive-memory-for-repository-level-iterative-code-generatio.txt	ok	arxiv	2026-04-28T21:27:23Z		Calibration batch 003.
FT0058	TA00632	Group-Evolving Agents: Open-Ended Self-Improvement via Experience Sharing	2026	include	1_include	no	10.48550/arXiv.2602.04837	2602.04837	arxiv_chunk; citations	https://arxiv.org/pdf/2602.04837	search/full-texts/pdf/FT0058_TA00632_group-evolving-agents-open-ended-self-improvement-via-experience-sharing.pdf	search/full-texts/text/FT0058_TA00632_group-evolving-agents-open-ended-self-improvement-via-experience-sharing.txt	ok	arxiv	2026-04-28T21:27:25Z		Calibration batch 001.
FT0059	TA00760	KernelSkill: A Multi-Agent Framework for GPU Kernel Optimization	2026	include	1_include	no	10.48550/arXiv.2603.10085	2603.10085	arxiv_chunk	https://arxiv.org/pdf/2603.10085	search/full-texts/pdf/FT0059_TA00760_kernelskill-a-multi-agent-framework-for-gpu-kernel-optimization.pdf	search/full-texts/text/FT0059_TA00760_kernelskill-a-multi-agent-framework-for-gpu-kernel-optimization.txt	ok	arxiv	2026-04-28T21:27:27Z		Calibration batch 003.
FT0060	TA00917	AgentGA: Evolving Code Solutions in Agent-Seed Space	2026	include	1_include	no		2604.14655	citations	https://arxiv.org/pdf/2604.14655	search/full-texts/pdf/FT0060_TA00917_agentga-evolving-code-solutions-in-agent-seed-space.pdf	search/full-texts/text/FT0060_TA00917_agentga-evolving-code-solutions-in-agent-seed-space.txt	ok	arxiv	2026-04-28T21:27:28Z		Batch 007 citation-only with abstracts.
FT0061	TA01041	Co-RedTeam: Orchestrated Security Discovery and Exploitation with LLM Agents	2026	include	1_include	no	10.48550/arxiv.2602.02164	2602.02164	citations	https://arxiv.org/pdf/2602.02164	search/full-texts/pdf/FT0061_TA01041_co-redteam-orchestrated-security-discovery-and-exploitation-with-llm-agents.pdf	search/full-texts/text/FT0061_TA01041_co-redteam-orchestrated-security-discovery-and-exploitation-with-llm-agents.txt	ok	arxiv	2026-04-28T21:27:30Z		Batch 007 citation-only with abstracts.
FT0062	TA01060	CoEvoSkills: Self-Evolving Agent Skills via Co-Evolutionary Verification	2026	include	1_include	no		2604.01687	citations	https://arxiv.org/pdf/2604.01687	search/full-texts/pdf/FT0062_TA01060_coevoskills-self-evolving-agent-skills-via-co-evolutionary-verification.pdf	search/full-texts/text/FT0062_TA01060_coevoskills-self-evolving-agent-skills-via-co-evolutionary-verification.txt	ok	arxiv	2026-04-28T21:27:31Z		Batch 007 citation-only with abstracts.
FT0063	TA01090	CORAL: Towards Autonomous Multi-Agent Evolution for Open-Ended Discovery	2026	include	1_include	no		2604.01658	citations	https://arxiv.org/pdf/2604.01658	search/full-texts/pdf/FT0063_TA01090_coral-towards-autonomous-multi-agent-evolution-for-open-ended-discovery.pdf	search/full-texts/text/FT0063_TA01090_coral-towards-autonomous-multi-agent-evolution-for-open-ended-discovery.txt	ok	arxiv	2026-04-28T21:27:34Z		Batch 007 citation-only with abstracts.
FT0064	TA01109	DARWIN: Dynamic Agentically Rewriting Self-Improving Network	2026	include	1_include	no	10.48550/arxiv.2602.05848	2602.05848	citations	https://arxiv.org/pdf/2602.05848	search/full-texts/pdf/FT0064_TA01109_darwin-dynamic-agentically-rewriting-self-improving-network.pdf	search/full-texts/text/FT0064_TA01109_darwin-dynamic-agentically-rewriting-self-improving-network.txt	ok	arxiv	2026-04-28T21:27:35Z		Batch 007 citation-only with abstracts.
FT0065	TA01154	EffiSkill: Agent Skill Based Automated Code Efficiency Optimization	2026	include	1_include	no		2603.27850	citations	https://arxiv.org/pdf/2603.27850	search/full-texts/pdf/FT0065_TA01154_effiskill-agent-skill-based-automated-code-efficiency-optimization.pdf	search/full-texts/text/FT0065_TA01154_effiskill-agent-skill-based-automated-code-efficiency-optimization.txt	ok	arxiv	2026-04-28T21:27:36Z		Batch 007 citation-only with abstracts.
FT0066	TA01485	Outcome-Conditioned Reasoning Distillation for Resolving Software Issues	2026	include	1_include	no	10.48550/arxiv.2601.23257	2601.23257	citations	https://arxiv.org/pdf/2601.23257	search/full-texts/pdf/FT0066_TA01485_outcome-conditioned-reasoning-distillation-for-resolving-software-issues.pdf	search/full-texts/text/FT0066_TA01485_outcome-conditioned-reasoning-distillation-for-resolving-software-issues.txt	ok	arxiv	2026-04-28T21:27:38Z		Batch 007 citation-only with abstracts.
FT0067	TA01586	REVERE: Reflective Evolving Research Engineer for Scientific Workflows	2026	include	1_include	no		2603.20667	citations	https://arxiv.org/pdf/2603.20667	search/full-texts/pdf/FT0067_TA01586_revere-reflective-evolving-research-engineer-for-scientific-workflows.pdf	search/full-texts/text/FT0067_TA01586_revere-reflective-evolving-research-engineer-for-scientific-workflows.txt	ok	arxiv	2026-04-28T21:27:39Z		Batch 007 citation-only with abstracts.
FT0068	TA01594	RuleFlow : Generating Reusable Program Optimizations with LLMs	2026	include	1_include	no	10.48550/arxiv.2602.09051	2602.09051	citations	https://arxiv.org/pdf/2602.09051	search/full-texts/pdf/FT0068_TA01594_ruleflow-generating-reusable-program-optimizations-with-llms.pdf	search/full-texts/text/FT0068_TA01594_ruleflow-generating-reusable-program-optimizations-with-llms.txt	ok	arxiv	2026-04-28T21:27:41Z		Batch 007 citation-only with abstracts.
FT0069	TA01607	Scaling Teams or Scaling Time? Memory Enabled Lifelong Learning in LLM Multi-Agent Systems	2026	include	1_include	no		2604.03295	citations	https://arxiv.org/pdf/2604.03295	search/full-texts/pdf/FT0069_TA01607_scaling-teams-or-scaling-time-memory-enabled-lifelong-learning-in-llm-multi-agen.pdf	search/full-texts/text/FT0069_TA01607_scaling-teams-or-scaling-time-memory-enabled-lifelong-learning-in-llm-multi-agen.txt	ok	arxiv	2026-04-28T21:27:43Z		Batch 007 citation-only with abstracts.
FT0070	TA01747	Toward Autonomous Long-Horizon Engineering for ML Research	2026	include	1_include	no		2604.13018	citations	https://arxiv.org/pdf/2604.13018	search/full-texts/pdf/FT0070_TA01747_toward-autonomous-long-horizon-engineering-for-ml-research.pdf	search/full-texts/text/FT0070_TA01747_toward-autonomous-long-horizon-engineering-for-ml-research.txt	ok	arxiv	2026-04-28T21:27:44Z		Batch 008 citation-only with abstracts.
FT0071	TA00841	Calico: Automated Knowledge Calibration and Diagnosis for Elevating AI Mastery in Code Tasks	2024	maybe	2_missing_abstract_maybe	yes	10.1145/3650212.3680399		scopus	https://www.cs.ucr.edu/~heng/pubs/calico_issta24.pdf	search/full-texts/pdf/FT0071_TA00841_calico-automated-knowledge-calibration-and-diagnosis-for-elevating-ai-mastery-in.pdf	search/full-texts/text/FT0071_TA00841_calico-automated-knowledge-calibration-and-diagnosis-for-elevating-ai-mastery-in.txt	ok	manual_url	2026-04-28T21:34:44Z		Batch 013 missing-abstract title/metadata triage. | missing abstract; verify metadata/full text | manual URL retrieval: Author-hosted ISSTA 2024 PDF.
FT0072	TA00849	Self-Evolving Programs: A Novel Approach Leveraging LLMs and Quine Programs	2024	maybe	2_missing_abstract_maybe	yes	10.1109/iccims61672.2024.10690672		scopus	https://www.wpunj.edu/cosh/macs-scholars-program/assets/Saghiri-Wang_2024.pdf	search/full-texts/pdf/FT0072_TA00849_self-evolving-programs-a-novel-approach-leveraging-llms-and-quine-programs.pdf	search/full-texts/text/FT0072_TA00849_self-evolving-programs-a-novel-approach-leveraging-llms-and-quine-programs.txt	ok	manual_url	2026-04-28T21:34:47Z		Batch 013 missing-abstract title/metadata triage. | missing abstract; verify metadata/full text | manual URL retrieval: Author/institution-hosted PDF.
FT0073	TA00776	MAAP: A Self-Evolving Multi-Agent Automated Vulnerability Repair Framework for Python	2025	maybe	2_missing_abstract_maybe	yes	10.1109/apsec66846.2025.00024		scopus	https://doi.org/10.1109/apsec66846.2025.00024	search/full-texts/pdf/FT0073_TA00776_maap-a-self-evolving-multi-agent-automated-vulnerability-repair-framework-for-py.pdf	search/full-texts/text/FT0073_TA00776_maap-a-self-evolving-multi-agent-automated-vulnerability-repair-framework-for-py.txt	failed		2026-04-28T21:27:48Z	not_open_access	Batch 013 missing-abstract title/metadata triage. | missing abstract; verify metadata/full text | manual access check: Researchr/DBLP/OpenAlex/Unpaywall/ResearchGate checked; no public full text or OA PDF found as of 2026-04-28
FT0074	TA00835	Hierarchical Knowledge Injection for Improving LLM-based Program Repair	2025	maybe	2_missing_abstract_maybe	yes	10.1109/ase63991.2025.00122		scopus	https://arxiv.org/pdf/2506.24015	search/full-texts/pdf/FT0074_TA00835_hierarchical-knowledge-injection-for-improving-llm-based-program-repair.pdf	search/full-texts/text/FT0074_TA00835_hierarchical-knowledge-injection-for-improving-llm-based-program-repair.txt	ok	unpaywall	2026-04-28T21:27:50Z		Batch 013 missing-abstract title/metadata triage. | missing abstract; verify metadata/full text
FT0075	TA01303	KernelEvolve: Scaling Agentic Kernel Coding for Heterogeneous AI Accelerators at Meta	2025	maybe	2_missing_abstract_maybe	yes	10.48550/arxiv.2512.23236	2512.23236	citations	https://arxiv.org/pdf/2512.23236	search/full-texts/pdf/FT0075_TA01303_kernelevolve-scaling-agentic-kernel-coding-for-heterogeneous-ai-accelerators-at.pdf	search/full-texts/text/FT0075_TA01303_kernelevolve-scaling-agentic-kernel-coding-for-heterogeneous-ai-accelerators-at.txt	ok	arxiv	2026-04-28T21:27:54Z		Batch 013 missing-abstract title/metadata triage. | missing abstract; verify metadata/full text
FT0076	TA00822	SEED-APR: A closed-loop self-evolving framework for automated program repair	2026	maybe	2_missing_abstract_maybe	yes	10.1016/j.sasc.2026.200463		scopus	https://doi.org/10.1016/j.sasc.2026.200463	search/full-texts/pdf/FT0076_TA00822_seed-apr-a-closed-loop-self-evolving-framework-for-automated-program-repair.pdf	search/full-texts/text/FT0076_TA00822_seed-apr-a-closed-loop-self-evolving-framework-for-automated-program-repair.txt	failed		2026-04-28T21:27:55Z	no_pdf_url	Batch 013 missing-abstract title/metadata triage. | missing abstract; verify metadata/full text | manual publisher-abstract resolution: ScienceDirect/OpenAlex/Unpaywall metadata checked; no direct PDF route; eligibility excluded under CE1 from recovered abstract
FT0077	TA00824	ODEL: An Experience-Augmented Self-Evolving Framework for Efficient Python-to-C++ Code Translation	2026	maybe	2_missing_abstract_maybe	yes	10.3390/app16031506		scopus	https://mdpi-res.com/d_attachment/applsci/applsci-16-01506/article_deploy/applsci-16-01506.pdf	search/full-texts/pdf/FT0077_TA00824_odel-an-experience-augmented-self-evolving-framework-for-efficient-python-to-c-c.pdf	search/full-texts/text/FT0077_TA00824_odel-an-experience-augmented-self-evolving-framework-for-efficient-python-to-c-c.txt	ok	manual_url	2026-04-28T21:35:40Z		Batch 013 missing-abstract title/metadata triage. | missing abstract; verify metadata/full text | manual URL retrieval: Publisher-hosted open-access PDF.
FT0078	TA00857	Enhancing Rendering Performance in Complex Visualizations by using Optimization Techniques and Algorithms in Browser Environments	2024	maybe	2_missing_abstract_maybe	yes	10.48084/etasr.7201		citations	https://etasr.com/index.php/ETASR/article/download/7201/3624	search/full-texts/pdf/FT0078_TA00857_enhancing.pdf	search/full-texts/text/FT0078_TA00857_enhancing.txt	ok	manual_url	2026-04-28T22:41:20Z		Batch 013 missing-abstract title/metadata triage. | missing abstract; verify metadata/full text | manual metadata resolved; public ETASR PDF retrieved
FT0079	TA01595	S ELF -A DAPTING A GENTS FOR A UTOMATING R ESEARCH C ODING W ORKFLOWS		maybe	2_missing_abstract_maybe	yes			citations	https://openreview.net/pdf?id=ihcRmUkXHF	search/full-texts/pdf/FT0079_TA01595_s-elf-a-dapting-a-gents-for-a-utomating-r-esearch-c-oding-w-orkflows.pdf	search/full-texts/text/FT0079_TA01595_s-elf-a-dapting-a-gents-for-a-utomating-r-esearch-c-oding-w-orkflows.txt	ok	manual_url	2026-04-28T21:34:49Z		Batch 013 missing-abstract title/metadata triage. | missing abstract; verify metadata/full text | manual URL retrieval: OpenReview PDF.
FT0080	TA01629	Self-Defining Systems	2025	maybe	2_missing_abstract_maybe	yes			citations	https://foci.uw.edu/papers/whitepaper2025-sds.pdf	search/full-texts/pdf/FT0080_TA01629_self-defining-systems.pdf	search/full-texts/text/FT0080_TA01629_self-defining-systems.txt	ok	manual_url	2026-04-28T22:41:20Z		Batch 013 missing-abstract title/metadata triage. | missing abstract; verify metadata/full text | manual metadata resolved; public University of Washington white paper PDF retrieved
FT0081	TA00312	L2MAC: Large Language Model Automatic Computer for Extensive Code Generation	2023	maybe	3_maybe	no	10.48550/arXiv.2310.02003	2310.02003	arxiv_chunk; scopus	https://arxiv.org/pdf/2310.02003	search/full-texts/pdf/FT0081_TA00312_l2mac-large-language-model-automatic-computer-for-extensive-code-generation.pdf	search/full-texts/text/FT0081_TA00312_l2mac-large-language-model-automatic-computer-for-extensive-code-generation.txt	ok	arxiv	2026-04-28T21:27:59Z		Calibration batch 002.
FT0082	TA00712	Self-Taught Optimizer (STOP): Recursively Self-Improving Code Generation	2023	maybe	3_maybe	no	10.48550/arXiv.2310.02304	2310.02304	arxiv_chunk; citations	https://arxiv.org/pdf/2310.02304	search/full-texts/pdf/FT0082_TA00712_self-taught-optimizer-stop-recursively-self-improving-code-generation.pdf	search/full-texts/text/FT0082_TA00712_self-taught-optimizer-stop-recursively-self-improving-code-generation.txt	ok	arxiv	2026-04-28T21:28:00Z		Calibration batch 001.
FT0083	TA00039	SWE-Search: Enhancing Software Agents with Monte Carlo Tree Search and Iterative Refinement	2024	maybe	3_maybe	no	10.48550/arXiv.2410.20285	2410.20285	arxiv_chunk; citations; scopus	https://arxiv.org/pdf/2410.20285	search/full-texts/pdf/FT0083_TA00039_swe-search-enhancing-software-agents-with-monte-carlo-tree-search-and-iterative.pdf	search/full-texts/text/FT0083_TA00039_swe-search-enhancing-software-agents-with-monte-carlo-tree-search-and-iterative.txt	ok	arxiv	2026-04-28T21:28:02Z		Calibration batch 001.
FT0084	TA00445	From Language Models to Practical Self-Improving Computer Agents	2024	maybe	3_maybe	no	10.48550/arXiv.2404.11964	2404.11964	arxiv_chunk	https://arxiv.org/pdf/2404.11964	search/full-texts/pdf/FT0084_TA00445_from-language-models-to-practical-self-improving-computer-agents.pdf	search/full-texts/text/FT0084_TA00445_from-language-models-to-practical-self-improving-computer-agents.txt	ok	arxiv	2026-04-28T21:28:03Z		Calibration batch 005.
FT0085	TA00546	Self-Evolving Multi-Agent Collaboration Networks for Software Development	2024	maybe	3_maybe	no	10.48550/arXiv.2410.16946	2410.16946	arxiv_chunk; citations	https://arxiv.org/pdf/2410.16946	search/full-texts/pdf/FT0085_TA00546_self-evolving-multi-agent-collaboration-networks-for-software-development.pdf	search/full-texts/text/FT0085_TA00546_self-evolving-multi-agent-collaboration-networks-for-software-development.txt	ok	arxiv	2026-04-28T21:28:06Z		Calibration batch 001.
FT0086	TA01016	BudgetMLAgent: A Cost-Effective LLM Multi-Agent system for Automating Machine Learning Tasks	2024	maybe	3_maybe	no	10.1145/3703412.3703416	2411.07464	citations	https://arxiv.org/pdf/2411.07464	search/full-texts/pdf/FT0086_TA01016_budgetmlagent-a-cost-effective-llm-multi-agent-system-for-automating-machine-lea.pdf	search/full-texts/text/FT0086_TA01016_budgetmlagent-a-cost-effective-llm-multi-agent-system-for-automating-machine-lea.txt	ok	arxiv	2026-04-28T21:28:07Z		Verify persistence mechanism and task scope in full text.
FT0087	TA01095	CREF: An LLM-Based Conversational Software Repair Framework for Programming Tutors	2024	maybe	3_maybe	no	10.1145/3650212.3680328	2406.13972	citations	https://arxiv.org/pdf/2406.13972	search/full-texts/pdf/FT0087_TA01095_cref-an-llm-based-conversational-software-repair-framework-for-programming-tutor.pdf	search/full-texts/text/FT0087_TA01095_cref-an-llm-based-conversational-software-repair-framework-for-programming-tutor.txt	ok	arxiv	2026-04-28T21:28:09Z		Verify persistence mechanism in full text.
FT0088	TA01157	Empowering Agile-Based Generative Software Development through Human-AI Teamwork	2024	maybe	3_maybe	no	10.1145/3702987	2407.15568	citations	https://arxiv.org/pdf/2407.15568	search/full-texts/pdf/FT0088_TA01157_empowering-agile-based-generative-software-development-through-human-ai-teamwork.pdf	search/full-texts/text/FT0088_TA01157_empowering-agile-based-generative-software-development-through-human-ai-teamwork.txt	ok	arxiv	2026-04-28T21:28:15Z		Verify whether the memory pool satisfies CI1.
FT0089	TA00075	Darwin Godel Machine: Open-Ended Evolution of Self-Improving Agents	2025	maybe	3_maybe	no	10.48550/arXiv.2505.22954	2505.22954	arxiv_chunk; citations	https://arxiv.org/pdf/2505.22954	search/full-texts/pdf/FT0089_TA00075_darwin-godel-machine-open-ended-evolution-of-self-improving-agents.pdf	search/full-texts/text/FT0089_TA00075_darwin-godel-machine-open-ended-evolution-of-self-improving-agents.txt	ok	arxiv	2026-04-28T21:28:17Z		Calibration batch 001.
FT0090	TA00079	EvoGit: Decentralized Code Evolution via Git-Based Multi-Agent Collaboration	2025	maybe	3_maybe	no	10.48550/arXiv.2506.02049	2506.02049	arxiv_chunk	https://arxiv.org/pdf/2506.02049	search/full-texts/pdf/FT0090_TA00079_evogit-decentralized-code-evolution-via-git-based-multi-agent-collaboration.pdf	search/full-texts/text/FT0090_TA00079_evogit-decentralized-code-evolution-via-git-based-multi-agent-collaboration.txt	ok	arxiv	2026-04-28T21:28:19Z		Calibration batch 003.
FT0091	TA00117	RedCodeAgent: Automatic Red-teaming Agent against Diverse Code Agents	2025	maybe	3_maybe	no	10.48550/arXiv.2510.02609	2510.02609	arxiv_chunk	https://arxiv.org/pdf/2510.02609	search/full-texts/pdf/FT0091_TA00117_redcodeagent-automatic-red-teaming-agent-against-diverse-code-agents.pdf	search/full-texts/text/FT0091_TA00117_redcodeagent-automatic-red-teaming-agent-against-diverse-code-agents.txt	ok	arxiv	2026-04-28T21:28:20Z		Calibration batch 003.
FT0092	TA00119	Multi-Agent Code-Orchestrated Generation for Reliable Infrastructure-as-Code	2025	maybe	3_maybe	no	10.48550/arXiv.2510.03902	2510.03902	arxiv_chunk	https://arxiv.org/pdf/2510.03902	search/full-texts/pdf/FT0092_TA00119_multi-agent-code-orchestrated-generation-for-reliable-infrastructure-as-code.pdf	search/full-texts/text/FT0092_TA00119_multi-agent-code-orchestrated-generation-for-reliable-infrastructure-as-code.txt	ok	arxiv	2026-04-28T21:28:21Z		Calibration batch 003.
FT0093	TA00141	Self-Abstraction from Grounded Experience for Plan-Guided Policy Refinement	2025	maybe	3_maybe	no	10.48550/arXiv.2511.05931	2511.05931	arxiv_chunk; citations	https://arxiv.org/pdf/2511.05931	search/full-texts/pdf/FT0093_TA00141_self-abstraction-from-grounded-experience-for-plan-guided-policy-refinement.pdf	search/full-texts/text/FT0093_TA00141_self-abstraction-from-grounded-experience-for-plan-guided-policy-refinement.txt	ok	arxiv	2026-04-28T21:28:23Z		Calibration batch 001.
FT0094	TA00283	Code Digital Twin: A Knowledge Infrastructure for AI-Assisted Complex Software Development	2025	maybe	3_maybe	no	10.48550/arXiv.2503.07967	2503.07967	arxiv_chunk	https://arxiv.org/pdf/2503.07967	search/full-texts/pdf/FT0094_TA00283_code-digital-twin-a-knowledge-infrastructure-for-ai-assisted-complex-software-de.pdf	search/full-texts/text/FT0094_TA00283_code-digital-twin-a-knowledge-infrastructure-for-ai-assisted-complex-software-de.txt	ok	arxiv	2026-04-28T21:28:25Z		Calibration batch 004.
FT0095	TA00284	A Self-Improving Coding Agent	2025	maybe	3_maybe	no	10.48550/arXiv.2504.15228	2504.15228	arxiv_chunk; citations	https://arxiv.org/pdf/2504.15228	search/full-texts/pdf/FT0095_TA00284_a-self-improving-coding-agent.pdf	search/full-texts/text/FT0095_TA00284_a-self-improving-coding-agent.txt	ok	arxiv	2026-04-28T21:28:26Z		Calibration batch 001.
FT0096	TA00287	Autonomous Code Evolution Meets NP-Completeness	2025	maybe	3_maybe	no	10.48550/arXiv.2509.07367	2509.07367	arxiv_chunk	https://arxiv.org/pdf/2509.07367	search/full-texts/pdf/FT0096_TA00287_autonomous-code-evolution-meets-np-completeness.pdf	search/full-texts/text/FT0096_TA00287_autonomous-code-evolution-meets-np-completeness.txt	ok	arxiv	2026-04-28T21:28:27Z		Calibration batch 004.
FT0097	TA00291	Context Engineering for AI Agents in Open-Source Software	2025	maybe	3_maybe	no	10.48550/arXiv.2510.21413	2510.21413	arxiv_chunk	https://arxiv.org/pdf/2510.21413	search/full-texts/pdf/FT0097_TA00291_context-engineering-for-ai-agents-in-open-source-software.pdf	search/full-texts/text/FT0097_TA00291_context-engineering-for-ai-agents-in-open-source-software.txt	ok	arxiv	2026-04-28T21:28:29Z		Calibration batch 004.
FT0098	TA00292	Huxley-Gödel Machine: Human-Level Coding Agent Development by an Approximation of the Optimal Self-Improving Machine	2025	maybe	3_maybe	no	10.48550/arXiv.2510.21614	2510.21614	arxiv_chunk; citations	https://arxiv.org/pdf/2510.21614	search/full-texts/pdf/FT0098_TA00292_huxley-g-del-machine-human-level-coding-agent-development-by-an-approximation-of.pdf	search/full-texts/text/FT0098_TA00292_huxley-g-del-machine-human-level-coding-agent-development-by-an-approximation-of.txt	ok	arxiv	2026-04-28T21:28:30Z		Calibration batch 001.
FT0099	TA00293	Live-SWE-agent: Can Software Engineering Agents Self-Evolve on the Fly?	2025	maybe	3_maybe	no	10.48550/arXiv.2511.13646	2511.13646	arxiv_chunk; citations	https://arxiv.org/pdf/2511.13646	search/full-texts/pdf/FT0099_TA00293_live-swe-agent-can-software-engineering-agents-self-evolve-on-the-fly.pdf	search/full-texts/text/FT0099_TA00293_live-swe-agent-can-software-engineering-agents-self-evolve-on-the-fly.txt	ok	arxiv	2026-04-28T21:28:32Z		Calibration batch 001.
FT0100	TA00330	Agents in software engineering: survey, landscape, and vision	2025	maybe	3_maybe	no	10.1007/s10515-025-00544-2	2409.09030	arxiv_chunk; scopus	https://arxiv.org/pdf/2409.09030	search/full-texts/pdf/FT0100_TA00330_agents-in-software-engineering-survey-landscape-and-vision.pdf	search/full-texts/text/FT0100_TA00330_agents-in-software-engineering-survey-landscape-and-vision.txt	ok	arxiv	2026-04-28T21:28:33Z		Calibration batch 001.
FT0101	TA00340	Empirical Research on Utilizing LLM-based Agents for Automated Bug Fixing via LangGraph	2025	maybe	3_maybe	no	10.48550/arXiv.2502.18465	2502.18465	arxiv_chunk	https://arxiv.org/pdf/2502.18465	search/full-texts/pdf/FT0101_TA00340_empirical-research-on-utilizing-llm-based-agents-for-automated-bug-fixing-via-la.pdf	search/full-texts/text/FT0101_TA00340_empirical-research-on-utilizing-llm-based-agents-for-automated-bug-fixing-via-la.txt	ok	arxiv	2026-04-28T21:28:34Z		Calibration batch 004.
FT0102	TA00389	Beyond Task Completion: An Assessment Framework for Evaluating Agentic AI Systems	2025	maybe	3_maybe	no	10.48550/arXiv.2512.12791	2512.12791	arxiv_chunk	https://arxiv.org/pdf/2512.12791	search/full-texts/pdf/FT0102_TA00389_beyond-task-completion-an-assessment-framework-for-evaluating-agentic-ai-systems.pdf	search/full-texts/text/FT0102_TA00389_beyond-task-completion-an-assessment-framework-for-evaluating-agentic-ai-systems.txt	ok	arxiv	2026-04-28T21:28:35Z		Calibration batch 004.
FT0103	TA00443	SE-Agent: Self-Evolution Trajectory Optimization in Multi-Step Reasoning with LLM-Based Agents	2025	maybe	3_maybe	no	10.48550/arXiv.2508.02085	2508.02085	arxiv_chunk	https://arxiv.org/pdf/2508.02085	search/full-texts/pdf/FT0103_TA00443_se-agent-self-evolution-trajectory-optimization-in-multi-step-reasoning-with-llm.pdf	search/full-texts/text/FT0103_TA00443_se-agent-self-evolution-trajectory-optimization-in-multi-step-reasoning-with-llm.txt	ok	arxiv	2026-04-28T21:28:38Z		Calibration batch 004.
FT0104	TA00474	Magentic-UI: Towards Human-in-the-loop Agentic Systems	2025	maybe	3_maybe	no	10.48550/arXiv.2507.22358	2507.22358	arxiv_chunk	https://arxiv.org/pdf/2507.22358	search/full-texts/pdf/FT0104_TA00474_magentic-ui-towards-human-in-the-loop-agentic-systems.pdf	search/full-texts/text/FT0104_TA00474_magentic-ui-towards-human-in-the-loop-agentic-systems.txt	ok	arxiv	2026-04-28T21:28:40Z		Calibration batch 004.
FT0105	TA00580	SEW: Self-Evolving Agentic Workflows for Automated Code Generation	2025	maybe	3_maybe	no	10.48550/arXiv.2505.18646	2505.18646	arxiv_chunk; citations	https://arxiv.org/pdf/2505.18646	search/full-texts/pdf/FT0105_TA00580_sew-self-evolving-agentic-workflows-for-automated-code-generation.pdf	search/full-texts/text/FT0105_TA00580_sew-self-evolving-agentic-workflows-for-automated-code-generation.txt	ok	arxiv	2026-04-28T21:28:41Z		Calibration batch 001.
FT0106	TA00605	AI-Driven Self-Evolving Software: A Promising Path Toward Software Automation	2025	maybe	3_maybe	no	10.48550/arXiv.2510.00591	2510.00591	arxiv_chunk	https://arxiv.org/pdf/2510.00591	search/full-texts/pdf/FT0106_TA00605_ai-driven-self-evolving-software-a-promising-path-toward-software-automation.pdf	search/full-texts/text/FT0106_TA00605_ai-driven-self-evolving-software-a-promising-path-toward-software-automation.txt	ok	arxiv	2026-04-28T21:28:43Z		Calibration batch 004.
FT0107	TA00612	Agentsway -- Software Development Methodology for AI Agents-based Teams	2025	maybe	3_maybe	no	10.48550/arXiv.2510.23664	2510.23664	arxiv_chunk	https://arxiv.org/pdf/2510.23664	search/full-texts/pdf/FT0107_TA00612_agentsway-software-development-methodology-for-ai-agents-based-teams.pdf	search/full-texts/text/FT0107_TA00612_agentsway-software-development-methodology-for-ai-agents-based-teams.txt	ok	arxiv	2026-04-28T21:28:44Z		Calibration batch 004.
FT0108	TA00688	SpecAgent: A Speculative Retrieval and Forecasting Agent for Code Completion	2025	maybe	3_maybe	no	10.48550/arXiv.2510.17925	2510.17925	arxiv_chunk	https://arxiv.org/pdf/2510.17925	search/full-texts/pdf/FT0108_TA00688_specagent-a-speculative-retrieval-and-forecasting-agent-for-code-completion.pdf	search/full-texts/text/FT0108_TA00688_specagent-a-speculative-retrieval-and-forecasting-agent-for-code-completion.txt	ok	arxiv	2026-04-28T21:28:45Z		Calibration batch 005.
FT0109	TA00733	CODESYNC: Synchronizing Large Language Models with Dynamic Code Evolution at Scale	2025	maybe	3_maybe	no	10.48550/arXiv.2502.16645	2502.16645	arxiv_chunk	https://arxiv.org/pdf/2502.16645	search/full-texts/pdf/FT0109_TA00733_codesync-synchronizing-large-language-models-with-dynamic-code-evolution-at-scal.pdf	search/full-texts/text/FT0109_TA00733_codesync-synchronizing-large-language-models-with-dynamic-code-evolution-at-scal.txt	ok	arxiv	2026-04-28T21:28:47Z		Calibration batch 005.
FT0110	TA00860	A Comprehensive Survey of Self-Evolving AI Agents: A New Paradigm Bridging Foundation Models and Lifelong Agentic Systems	2025	maybe	3_maybe	no	10.48550/arxiv.2508.07407	2508.07407	citations	https://arxiv.org/pdf/2508.07407	search/full-texts/pdf/FT0110_TA00860_a-comprehensive-survey-of-self-evolving-ai-agents-a-new-paradigm-bridging-founda.pdf	search/full-texts/text/FT0110_TA00860_a-comprehensive-survey-of-self-evolving-ai-agents-a-new-paradigm-bridging-founda.txt	ok	arxiv	2026-04-28T21:28:49Z		Verify survey scope and original analytical contribution.
FT0111	TA00874	A Survey of Self-Evolving Agents: What, When, How, and Where to Evolve on the Path to Artificial Super Intelligence	2025	maybe	3_maybe	no	10.48550/arxiv.2507.21046	2507.21046	citations	https://arxiv.org/pdf/2507.21046	search/full-texts/pdf/FT0111_TA00874_a-survey-of-self-evolving-agents-what-when-how-and-where-to-evolve-on-the-path-t.pdf	search/full-texts/text/FT0111_TA00874_a-survey-of-self-evolving-agents-what-when-how-and-where-to-evolve-on-the-path-t.txt	ok	arxiv	2026-04-28T21:28:51Z		Verify survey scope and original analytical contribution.
FT0112	TA00905	Agent READMEs: An Empirical Study of Context Files for Agentic Coding	2025	maybe	3_maybe	no	10.48550/arxiv.2511.12884	2511.12884	citations	https://arxiv.org/pdf/2511.12884	search/full-texts/pdf/FT0112_TA00905_agent-readmes-an-empirical-study-of-context-files-for-agentic-coding.pdf	search/full-texts/text/FT0112_TA00905_agent-readmes-an-empirical-study-of-context-files-for-agentic-coding.txt	ok	arxiv	2026-04-28T21:28:53Z		Verify contextual-study status in full text.
FT0113	TA00927	Agentic Plan Caching: Test-Time Memory for Fast and Cost-Efficient LLM Agents	2025	maybe	3_maybe	no		2506.14852	citations	https://arxiv.org/pdf/2506.14852	search/full-texts/pdf/FT0113_TA00927_agentic-plan-caching-test-time-memory-for-fast-and-cost-efficient-llm-agents.pdf	search/full-texts/text/FT0113_TA00927_agentic-plan-caching-test-time-memory-for-fast-and-cost-efficient-llm-agents.txt	ok	arxiv	2026-04-28T21:28:54Z		Verify benchmark/task scope in full text.
FT0114	TA00960	AlphaOPT: Formulating Optimization Programs with Self-Improving LLM Experience Library	2025	maybe	3_maybe	no	10.48550/arxiv.2510.18428	2510.18428	citations	https://arxiv.org/pdf/2510.18428	search/full-texts/pdf/FT0114_TA00960_alphaopt-formulating-optimization-programs-with-self-improving-llm-experience-li.pdf	search/full-texts/text/FT0114_TA00960_alphaopt-formulating-optimization-programs-with-self-improving-llm-experience-li.txt	ok	arxiv	2026-04-28T21:28:59Z		Verify scope and memory mechanism in full text.
FT0115	TA01006	Beyond the Prompt: An Empirical Study of Cursor Rules	2025	maybe	3_maybe	no	10.1145/3793302.3793367	2512.18925	citations	https://arxiv.org/pdf/2512.18925	search/full-texts/pdf/FT0115_TA01006_beyond-the-prompt-an-empirical-study-of-cursor-rules.pdf	search/full-texts/text/FT0115_TA01006_beyond-the-prompt-an-empirical-study-of-cursor-rules.txt	ok	arxiv	2026-04-28T21:29:00Z		Verify contextual-study status in full text.
FT0116	TA01114	Decoding the Configuration of AI Coding Agents: Insights from Claude Code Projects	2025	maybe	3_maybe	no	10.48550/arxiv.2511.09268	2511.09268	citations	https://arxiv.org/pdf/2511.09268	search/full-texts/pdf/FT0116_TA01114_decoding-the-configuration-of-ai-coding-agents-insights-from-claude-code-project.pdf	search/full-texts/text/FT0116_TA01114_decoding-the-configuration-of-ai-coding-agents-insights-from-claude-code-project.txt	ok	arxiv	2026-04-28T21:29:02Z		Verify contextual-study status in full text.
FT0117	TA01142	Dynamic Cheatsheet: Test-Time Learning with Adaptive Memory	2025	maybe	3_maybe	no	10.48550/arxiv.2504.07952	2504.07952	citations	https://arxiv.org/pdf/2504.07952	search/full-texts/pdf/FT0117_TA01142_dynamic-cheatsheet-test-time-learning-with-adaptive-memory.pdf	search/full-texts/text/FT0117_TA01142_dynamic-cheatsheet-test-time-learning-with-adaptive-memory.txt	ok	arxiv	2026-04-28T21:29:04Z		Verify benchmark/task scope in full text.
FT0118	TA01172	EvoAgentX: An Automated Framework for Evolving Agentic Workflows	2025	maybe	3_maybe	no	10.48550/arxiv.2507.03616	2507.03616	citations	https://arxiv.org/pdf/2507.03616	search/full-texts/pdf/FT0118_TA01172_evoagentx-an-automated-framework-for-evolving-agentic-workflows.pdf	search/full-texts/text/FT0118_TA01172_evoagentx-an-automated-framework-for-evolving-agentic-workflows.txt	ok	arxiv	2026-04-28T21:29:05Z		Verify mechanism and benchmark scope.
FT0119	TA01187	Experience-Evolving Multi-Turn Tool-Use Agent with Hybrid Episodic-Procedural Memory	2025	maybe	3_maybe	no		2512.07287	citations	https://arxiv.org/pdf/2512.07287	search/full-texts/pdf/FT0119_TA01187_experience-evolving-multi-turn-tool-use-agent-with-hybrid-episodic-procedural-me.pdf	search/full-texts/text/FT0119_TA01187_experience-evolving-multi-turn-tool-use-agent-with-hybrid-episodic-procedural-me.txt	ok	arxiv	2026-04-28T21:29:06Z		Verify benchmark/task scope in full text.
FT0120	TA01231	GEPA: Reflective Prompt Evolution Can Outperform Reinforcement Learning	2025	maybe	3_maybe	no		2507.19457	citations	https://arxiv.org/pdf/2507.19457	search/full-texts/pdf/FT0120_TA01231_gepa-reflective-prompt-evolution-can-outperform-reinforcement-learning.pdf	search/full-texts/text/FT0120_TA01231_gepa-reflective-prompt-evolution-can-outperform-reinforcement-learning.txt	ok	arxiv	2026-04-28T21:29:08Z		Verify persistence mechanism and software-development evaluation in full text.
FT0121	TA01267	How Memory Management Impacts LLM Agents: An Empirical Study of Experience-Following Behavior	2025	maybe	3_maybe	no	10.48550/arxiv.2505.16067	2505.16067	citations	https://arxiv.org/pdf/2505.16067	search/full-texts/pdf/FT0121_TA01267_how-memory-management-impacts-llm-agents-an-empirical-study-of-experience-follow.pdf	search/full-texts/text/FT0121_TA01267_how-memory-management-impacts-llm-agents-an-empirical-study-of-experience-follow.txt	ok	arxiv	2026-04-28T21:29:10Z		Verify benchmark/task scope in full text.
FT0122	TA01295	Intrinsic Memory Agents: Heterogeneous Multi-Agent LLM Systems through Structured Contextual Memory	2025	maybe	3_maybe	no	10.48550/arxiv.2508.08997	2508.08997	citations	https://arxiv.org/pdf/2508.08997	search/full-texts/pdf/FT0122_TA01295_intrinsic-memory-agents-heterogeneous-multi-agent-llm-systems-through-structured.pdf	search/full-texts/text/FT0122_TA01295_intrinsic-memory-agents-heterogeneous-multi-agent-llm-systems-through-structured.txt	ok	arxiv	2026-04-28T21:29:12Z		Verify task scope and persistence details in full text.
FT0123	TA01394	MemEvolve: Meta-Evolution of Agent Memory Systems	2025	maybe	3_maybe	no	10.48550/arxiv.2512.18746	2512.18746	citations	https://arxiv.org/pdf/2512.18746	search/full-texts/pdf/FT0123_TA01394_memevolve-meta-evolution-of-agent-memory-systems.pdf	search/full-texts/text/FT0123_TA01394_memevolve-meta-evolution-of-agent-memory-systems.txt	ok	arxiv	2026-04-28T21:29:15Z		Verify benchmark/task scope in full text.
FT0124	TA00184	KAPSO: A Knowledge-grounded framework for Autonomous Program Synthesis and Optimization	2026	maybe	3_maybe	no	10.48550/arXiv.2601.21526	2601.21526	arxiv_chunk	https://arxiv.org/pdf/2601.21526	search/full-texts/pdf/FT0124_TA00184_kapso-a-knowledge-grounded-framework-for-autonomous-program-synthesis-and-optimi.pdf	search/full-texts/text/FT0124_TA00184_kapso-a-knowledge-grounded-framework-for-autonomous-program-synthesis-and-optimi.txt	ok	arxiv	2026-04-28T21:29:16Z		Calibration batch 002.
FT0125	TA00187	DockSmith: Scaling Reliable Coding Environments via an Agentic Docker Builder	2026	maybe	3_maybe	no	10.48550/arXiv.2602.00592	2602.00592	arxiv_chunk	https://arxiv.org/pdf/2602.00592	search/full-texts/pdf/FT0125_TA00187_docksmith-scaling-reliable-coding-environments-via-an-agentic-docker-builder.pdf	search/full-texts/text/FT0125_TA00187_docksmith-scaling-reliable-coding-environments-via-an-agentic-docker-builder.txt	ok	arxiv	2026-04-28T21:29:17Z		Calibration batch 002.
FT0126	TA00206	Codified Context: Infrastructure for AI Agents in a Complex Codebase	2026	maybe	3_maybe	no	10.48550/arXiv.2602.20478	2602.20478	arxiv_chunk; citations	https://arxiv.org/pdf/2602.20478	search/full-texts/pdf/FT0126_TA00206_codified-context-infrastructure-for-ai-agents-in-a-complex-codebase.pdf	search/full-texts/text/FT0126_TA00206_codified-context-infrastructure-for-ai-agents-in-a-complex-codebase.txt	ok	arxiv	2026-04-28T21:29:19Z		Calibration batch 001.
FT0127	TA00222	NormCode Canvas: Making LLM Agentic Workflows Development Sustainable via Case-Based Reasoning	2026	maybe	3_maybe	no	10.48550/arXiv.2603.13443	2603.13443	arxiv_chunk	https://arxiv.org/pdf/2603.13443	search/full-texts/pdf/FT0127_TA00222_normcode-canvas-making-llm-agentic-workflows-development-sustainable-via-case-ba.pdf	search/full-texts/text/FT0127_TA00222_normcode-canvas-making-llm-agentic-workflows-development-sustainable-via-case-ba.txt	ok	arxiv	2026-04-28T21:29:21Z		Calibration batch 002.
FT0128	TA00230	DomAgent: Leveraging Knowledge Graphs and Case-Based Reasoning for Domain-Specific Code Generation	2026	maybe	3_maybe	no	10.48550/arXiv.2603.21430	2603.21430	arxiv_chunk	https://arxiv.org/pdf/2603.21430	search/full-texts/pdf/FT0128_TA00230_domagent-leveraging-knowledge-graphs-and-case-based-reasoning-for-domain-specifi.pdf	search/full-texts/text/FT0128_TA00230_domagent-leveraging-knowledge-graphs-and-case-based-reasoning-for-domain-specifi.txt	ok	arxiv	2026-04-28T21:29:23Z		Calibration batch 002.
FT0129	TA00258	Agent Mentor: Framing Agent Knowledge through Semantic Trajectory Analysis	2026	maybe	3_maybe	no	10.48550/arXiv.2604.10513	2604.10513	arxiv_chunk	https://arxiv.org/pdf/2604.10513	search/full-texts/pdf/FT0129_TA00258_agent-mentor-framing-agent-knowledge-through-semantic-trajectory-analysis.pdf	search/full-texts/text/FT0129_TA00258_agent-mentor-framing-agent-knowledge-through-semantic-trajectory-analysis.txt	ok	arxiv	2026-04-28T21:29:25Z		Calibration batch 002.
FT0130	TA00262	CodeTracer: Towards Traceable Agent States	2026	maybe	3_maybe	no	10.48550/arXiv.2604.11641	2604.11641	arxiv_chunk	https://arxiv.org/pdf/2604.11641	search/full-texts/pdf/FT0130_TA00262_codetracer-towards-traceable-agent-states.pdf	search/full-texts/text/FT0130_TA00262_codetracer-towards-traceable-agent-states.txt	ok	arxiv	2026-04-28T21:29:26Z		Calibration batch 002.
FT0131	TA00267	SWE-TRACE: Optimizing Long-Horizon SWE Agents Through Rubric Process Reward Models and Heuristic Test-Time Scaling	2026	maybe	3_maybe	no	10.48550/arXiv.2604.14820	2604.14820	arxiv_chunk	https://arxiv.org/pdf/2604.14820	search/full-texts/pdf/FT0131_TA00267_swe-trace-optimizing-long-horizon-swe-agents-through-rubric-process-reward-model.pdf	search/full-texts/text/FT0131_TA00267_swe-trace-optimizing-long-horizon-swe-agents-through-rubric-process-reward-model.txt	ok	arxiv	2026-04-28T21:29:27Z		Calibration batch 002.
FT0132	TA00297	Software Self-Extension with SelfEvolve: an Agentic Architecture for Runtime Code Generation	2026	maybe	3_maybe	no	10.48550/arXiv.2604.16314	2604.16314	arxiv_chunk	https://arxiv.org/pdf/2604.16314	search/full-texts/pdf/FT0132_TA00297_software-self-extension-with-selfevolve-an-agentic-architecture-for-runtime-code.pdf	search/full-texts/text/FT0132_TA00297_software-self-extension-with-selfevolve-an-agentic-architecture-for-runtime-code.txt	ok	arxiv	2026-04-28T21:29:29Z		Calibration batch 002.
FT0133	TA00303	SEVerA: Verified Synthesis of Self-Evolving Agents	2026	maybe	3_maybe	no	10.48550/arXiv.2603.25111	2603.25111	arxiv_chunk	https://arxiv.org/pdf/2603.25111	search/full-texts/pdf/FT0133_TA00303_severa-verified-synthesis-of-self-evolving-agents.pdf	search/full-texts/text/FT0133_TA00303_severa-verified-synthesis-of-self-evolving-agents.txt	ok	arxiv	2026-04-28T21:29:31Z		Calibration batch 002.
FT0134	TA00393	CaveAgent: Transforming LLMs into Stateful Runtime Operators	2026	maybe	3_maybe	no	10.48550/arXiv.2601.01569	2601.01569	arxiv_chunk	https://arxiv.org/pdf/2601.01569	search/full-texts/pdf/FT0134_TA00393_caveagent-transforming-llms-into-stateful-runtime-operators.pdf	search/full-texts/text/FT0134_TA00393_caveagent-transforming-llms-into-stateful-runtime-operators.txt	ok	arxiv	2026-04-28T21:29:33Z		Calibration batch 002.
FT0135	TA00395	AgentDevel: Reframing Self-Evolving LLM Agents as Release Engineering	2026	maybe	3_maybe	no	10.48550/arXiv.2601.04620	2601.04620	arxiv_chunk; citations	https://arxiv.org/pdf/2601.04620	search/full-texts/pdf/FT0135_TA00395_agentdevel-reframing-self-evolving-llm-agents-as-release-engineering.pdf	search/full-texts/text/FT0135_TA00395_agentdevel-reframing-self-evolving-llm-agents-as-release-engineering.txt	ok	arxiv	2026-04-28T21:29:34Z		Calibration batch 001.
FT0136	TA00397	Active Context Compression: Autonomous Memory Management in LLM Agents	2026	maybe	3_maybe	no	10.48550/arXiv.2601.07190	2601.07190	arxiv_chunk	https://arxiv.org/pdf/2601.07190	search/full-texts/pdf/FT0136_TA00397_active-context-compression-autonomous-memory-management-in-llm-agents.pdf	search/full-texts/text/FT0136_TA00397_active-context-compression-autonomous-memory-management-in-llm-agents.txt	ok	arxiv	2026-04-28T21:29:35Z		Calibration batch 002.
FT0137	TA00401	Large Language Model-Powered Evolutionary Code Optimization on a Phylogenetic Tree	2026	maybe	3_maybe	no	10.48550/arXiv.2601.14523	2601.14523	arxiv_chunk	https://arxiv.org/pdf/2601.14523	search/full-texts/pdf/FT0137_TA00401_large-language-model-powered-evolutionary-code-optimization-on-a-phylogenetic-tr.pdf	search/full-texts/text/FT0137_TA00401_large-language-model-powered-evolutionary-code-optimization-on-a-phylogenetic-tr.txt	ok	arxiv	2026-04-28T21:29:37Z		Calibration batch 002.
FT0138	TA00412	ParamMem: Augmenting Language Agents with Parametric Reflective Memory	2026	maybe	3_maybe	no	10.48550/arXiv.2602.23320	2602.23320	arxiv_chunk	https://arxiv.org/pdf/2602.23320	search/full-texts/pdf/FT0138_TA00412_parammem-augmenting-language-agents-with-parametric-reflective-memory.pdf	search/full-texts/text/FT0138_TA00412_parammem-augmenting-language-agents-with-parametric-reflective-memory.txt	ok	arxiv	2026-04-28T21:29:38Z		Calibration batch 002.
FT0139	TA00417	MemCollab: Cross-Agent Memory Collaboration via Contrastive Trajectory Distillation	2026	maybe	3_maybe	no	10.48550/arXiv.2603.23234	2603.23234	arxiv_chunk; citations	https://arxiv.org/pdf/2603.23234	search/full-texts/pdf/FT0139_TA00417_memcollab-cross-agent-memory-collaboration-via-contrastive-trajectory-distillati.pdf	search/full-texts/text/FT0139_TA00417_memcollab-cross-agent-memory-collaboration-via-contrastive-trajectory-distillati.txt	ok	arxiv	2026-04-28T21:29:40Z		Calibration batch 001.
FT0140	TA00422	Decocted Experience Improves Test-Time Inference in LLM Agents	2026	maybe	3_maybe	no	10.48550/arXiv.2604.04373	2604.04373	arxiv_chunk; citations	https://arxiv.org/pdf/2604.04373	search/full-texts/pdf/FT0140_TA00422_decocted-experience-improves-test-time-inference-in-llm-agents.pdf	search/full-texts/text/FT0140_TA00422_decocted-experience-improves-test-time-inference-in-llm-agents.txt	ok	arxiv	2026-04-28T21:29:41Z		Calibration batch 001.
FT0141	TA00432	ContextWeaver: Selective and Dependency-Structured Memory Construction for LLM Agents	2026	maybe	3_maybe	no	10.48550/arXiv.2604.23069	2604.23069	arxiv_chunk	https://arxiv.org/pdf/2604.23069	search/full-texts/pdf/FT0141_TA00432_contextweaver-selective-and-dependency-structured-memory-construction-for-llm-ag.pdf	search/full-texts/text/FT0141_TA00432_contextweaver-selective-and-dependency-structured-memory-construction-for-llm-ag.txt	ok	arxiv	2026-04-28T21:29:42Z		Calibration batch 003.
FT0142	TA00484	APEX-EM: Non-Parametric Online Learning for Autonomous Agents via Structured Procedural-Episodic Experience Replay	2026	maybe	3_maybe	no	10.48550/arXiv.2603.29093	2603.29093	arxiv_chunk	https://arxiv.org/pdf/2603.29093	search/full-texts/pdf/FT0142_TA00484_apex-em-non-parametric-online-learning-for-autonomous-agents-via-structured-proc.pdf	search/full-texts/text/FT0142_TA00484_apex-em-non-parametric-online-learning-for-autonomous-agents-via-structured-proc.txt	ok	arxiv	2026-04-28T21:29:44Z		Calibration batch 003.
FT0143	TA00485	Procedural Knowledge at Scale Improves Reasoning	2026	maybe	3_maybe	no	10.48550/arXiv.2604.01348	2604.01348	arxiv_chunk; citations	https://arxiv.org/pdf/2604.01348	search/full-texts/pdf/FT0143_TA00485_procedural-knowledge-at-scale-improves-reasoning.pdf	search/full-texts/text/FT0143_TA00485_procedural-knowledge-at-scale-improves-reasoning.txt	ok	arxiv	2026-04-28T21:29:45Z		Calibration batch 001.
FT0144	TA00639	Context Before Code: An Experience Report on Vibe Coding in Practice	2026	maybe	3_maybe	no	10.48550/arXiv.2603.11073	2603.11073	arxiv_chunk	https://arxiv.org/pdf/2603.11073	search/full-texts/pdf/FT0144_TA00639_context-before-code-an-experience-report-on-vibe-coding-in-practice.pdf	search/full-texts/text/FT0144_TA00639_context-before-code-an-experience-report-on-vibe-coding-in-practice.txt	ok	arxiv	2026-04-28T21:29:46Z		Calibration batch 003.
FT0145	TA00647	Learning From Developers: Towards Reliable Patch Validation at Scale for Linux	2026	maybe	3_maybe	no	10.48550/arXiv.2603.24825	2603.24825	arxiv_chunk	https://arxiv.org/pdf/2603.24825	search/full-texts/pdf/FT0145_TA00647_learning-from-developers-towards-reliable-patch-validation-at-scale-for-linux.pdf	search/full-texts/text/FT0145_TA00647_learning-from-developers-towards-reliable-patch-validation-at-scale-for-linux.txt	ok	arxiv	2026-04-28T21:29:47Z		Calibration batch 003.
FT0146	TA00648	SHAPR: Operationalising Human-AI Collaborative Research Through Structured Knowledge Generation	2026	maybe	3_maybe	no	10.48550/arXiv.2603.25660	2603.25660	arxiv_chunk	https://arxiv.org/pdf/2603.25660	search/full-texts/pdf/FT0146_TA00648_shapr-operationalising-human-ai-collaborative-research-through-structured-knowle.pdf	search/full-texts/text/FT0146_TA00648_shapr-operationalising-human-ai-collaborative-research-through-structured-knowle.txt	ok	arxiv	2026-04-28T21:29:49Z		Calibration batch 003.
FT0147	TA00651	CCCE: A Continuous Code Calibration Engine for Autonomous Enterprise Codebase Maintenance via Knowledge Graph Traversal and Adaptive Decision Gating	2026	maybe	3_maybe	no	10.48550/arXiv.2604.13102	2604.13102	arxiv_chunk	https://arxiv.org/pdf/2604.13102	search/full-texts/pdf/FT0147_TA00651_ccce-a-continuous-code-calibration-engine-for-autonomous-enterprise-codebase-mai.pdf	search/full-texts/text/FT0147_TA00651_ccce-a-continuous-code-calibration-engine-for-autonomous-enterprise-codebase-mai.txt	ok	arxiv	2026-04-28T21:29:50Z		Calibration batch 003.
FT0148	TA00703	BEAM: Bi-level Memory-adaptive Algorithmic Evolution for LLM-Powered Heuristic Design	2026	maybe	3_maybe	no	10.48550/arXiv.2604.12898	2604.12898	arxiv_chunk	https://arxiv.org/pdf/2604.12898	search/full-texts/pdf/FT0148_TA00703_beam-bi-level-memory-adaptive-algorithmic-evolution-for-llm-powered-heuristic-de.pdf	search/full-texts/text/FT0148_TA00703_beam-bi-level-memory-adaptive-algorithmic-evolution-for-llm-powered-heuristic-de.txt	ok	arxiv	2026-04-28T21:29:52Z		Calibration batch 003.
FT0149	TA00744	Controlled Self-Evolution for Algorithmic Code Optimization	2026	maybe	3_maybe	no	10.48550/arXiv.2601.07348	2601.07348	arxiv_chunk	https://arxiv.org/pdf/2601.07348	search/full-texts/pdf/FT0149_TA00744_controlled-self-evolution-for-algorithmic-code-optimization.pdf	search/full-texts/text/FT0149_TA00744_controlled-self-evolution-for-algorithmic-code-optimization.txt	ok	arxiv	2026-04-28T21:29:54Z		Calibration batch 003.
FT0150	TA00763	Test-time Recursive Thinking: Self-Improvement without External Feedback	2026	maybe	3_maybe	no	10.48550/arXiv.2602.03094	2602.03094	arxiv_chunk	https://arxiv.org/pdf/2602.03094	search/full-texts/pdf/FT0150_TA00763_test-time-recursive-thinking-self-improvement-without-external-feedback.pdf	search/full-texts/text/FT0150_TA00763_test-time-recursive-thinking-self-improvement-without-external-feedback.txt	ok	arxiv	2026-04-28T21:29:55Z		Calibration batch 003.
FT0151	TA00915	AgentFactory: A Self-Evolving Framework Through Executable Subagent Accumulation and Reuse	2026	maybe	3_maybe	no		2603.18000	citations	https://arxiv.org/pdf/2603.18000	search/full-texts/pdf/FT0151_TA00915_agentfactory-a-self-evolving-framework-through-executable-subagent-accumulation.pdf	search/full-texts/text/FT0151_TA00915_agentfactory-a-self-evolving-framework-through-executable-subagent-accumulation.txt	ok	arxiv	2026-04-28T21:29:56Z		Verify domains and evaluation in full text.
FT0152	TA01068	Combee: Scaling Prompt Learning for Self-Improving Language Model Agents	2026	maybe	3_maybe	no		2604.04247	citations	https://arxiv.org/pdf/2604.04247	search/full-texts/pdf/FT0152_TA01068_combee-scaling-prompt-learning-for-self-improving-language-model-agents.pdf	search/full-texts/text/FT0152_TA01068_combee-scaling-prompt-learning-for-self-improving-language-model-agents.txt	ok	arxiv	2026-04-28T21:29:57Z		Verify benchmark/task scope in full text.
FT0153	TA01075	Complementary Reinforcement Learning	2026	maybe	3_maybe	no		2603.17621	citations	https://arxiv.org/pdf/2603.17621	search/full-texts/pdf/FT0153_TA01075_complementary-reinforcement-learning.pdf	search/full-texts/text/FT0153_TA01075_complementary-reinforcement-learning.txt	ok	arxiv	2026-04-28T21:29:59Z		Verify benchmark/task scope in full text.
FT0154	TA01331	LatentMem: Customizing Latent Memory for Multi-Agent Systems	2026	maybe	3_maybe	no	10.48550/arxiv.2602.03036	2602.03036	citations	https://arxiv.org/pdf/2602.03036	search/full-texts/pdf/FT0154_TA01331_latentmem-customizing-latent-memory-for-multi-agent-systems.pdf	search/full-texts/text/FT0154_TA01331_latentmem-customizing-latent-memory-for-multi-agent-systems.txt	ok	arxiv	2026-04-28T21:30:01Z		Verify benchmark/task scope in full text.
FT0155	TA01395	Memex(RL): Scaling Long-Horizon LLM Agents via Indexed Experience Memory	2026	maybe	3_maybe	no		2603.04257	citations	https://arxiv.org/pdf/2603.04257	search/full-texts/pdf/FT0155_TA01395_memex-rl-scaling-long-horizon-llm-agents-via-indexed-experience-memory.pdf	search/full-texts/text/FT0155_TA01395_memex-rl-scaling-long-horizon-llm-agents-via-indexed-experience-memory.txt	ok	arxiv	2026-04-28T21:30:02Z		Verify benchmark/task scope in full text.
FT0156	TA01420	Meta Context Engineering via Agentic Skill Evolution	2026	maybe	3_maybe	no	10.48550/arxiv.2601.21557	2601.21557	citations	https://arxiv.org/pdf/2601.21557	search/full-texts/pdf/FT0156_TA01420_meta-context-engineering-via-agentic-skill-evolution.pdf	search/full-texts/text/FT0156_TA01420_meta-context-engineering-via-agentic-skill-evolution.txt	ok	arxiv	2026-04-28T21:30:05Z		Verify benchmark/task scope in full text.
FT0157	TA01425	MetaClaw: Just Talk -- An Agent That Meta-Learns and Evolves in the Wild	2026	maybe	3_maybe	no		2603.17187	citations	https://arxiv.org/pdf/2603.17187	search/full-texts/pdf/FT0157_TA01425_metaclaw-just-talk-an-agent-that-meta-learns-and-evolves-in-the-wild.pdf	search/full-texts/text/FT0157_TA01425_metaclaw-just-talk-an-agent-that-meta-learns-and-evolves-in-the-wild.txt	ok	arxiv	2026-04-28T21:30:08Z		Verify benchmark/task scope in full text.
FT0158	TA01465	On the Impact of AGENTS.md Files on the Efficiency of AI Coding Agents	2026	maybe	3_maybe	no	10.48550/arxiv.2601.20404	2601.20404	citations	https://arxiv.org/pdf/2601.20404	search/full-texts/pdf/FT0158_TA01465_on-the-impact-of-agents-md-files-on-the-efficiency-of-ai-coding-agents.pdf	search/full-texts/text/FT0158_TA01465_on-the-impact-of-agents-md-files-on-the-efficiency-of-ai-coding-agents.txt	ok	arxiv	2026-04-28T21:30:09Z		Verify whether it contributes contextual evidence under the criteria exception.
FT0159	TA01555	ReCreate: Reasoning and Creating Domain Agents Driven by Experience	2026	maybe	3_maybe	no	10.48550/arxiv.2601.11100	2601.11100	citations	https://arxiv.org/pdf/2601.11100	search/full-texts/pdf/FT0159_TA01555_recreate-reasoning-and-creating-domain-agents-driven-by-experience.pdf	search/full-texts/text/FT0159_TA01555_recreate-reasoning-and-creating-domain-agents-driven-by-experience.txt	ok	arxiv	2026-04-28T21:30:11Z		Verify benchmark/task scope in full text.
FT0160	TA01615	SE-Bench: Benchmarking Self-Evolution with Knowledge Internalization	2026	maybe	3_maybe	no	10.48550/arxiv.2602.04811	2602.04811	citations	https://arxiv.org/pdf/2602.04811	search/full-texts/pdf/FT0160_TA01615_se-bench-benchmarking-self-evolution-with-knowledge-internalization.pdf	search/full-texts/text/FT0160_TA01615_se-bench-benchmarking-self-evolution-with-knowledge-internalization.txt	ok	arxiv	2026-04-28T21:30:12Z		Verify against CI1 benchmark/contextual-study rules.
FT0161	TA01616	SEA-Eval: A Benchmark for Evaluating Self-Evolving Agents Beyond Episodic Assessment	2026	maybe	3_maybe	no		2604.08988	citations	https://arxiv.org/pdf/2604.08988	search/full-texts/pdf/FT0161_TA01616_sea-eval-a-benchmark-for-evaluating-self-evolving-agents-beyond-episodic-assessm.pdf	search/full-texts/text/FT0161_TA01616_sea-eval-a-benchmark-for-evaluating-self-evolving-agents-beyond-episodic-assessm.txt	ok	arxiv	2026-04-28T21:30:16Z		Verify benchmark/task scope in full text.
FT0162	TA01647	SkillClaw: Let Skills Evolve Collectively with Agentic Evolver	2026	maybe	3_maybe	no		2604.08377	citations	https://arxiv.org/pdf/2604.08377	search/full-texts/pdf/FT0162_TA01647_skillclaw-let-skills-evolve-collectively-with-agentic-evolver.pdf	search/full-texts/text/FT0162_TA01647_skillclaw-let-skills-evolve-collectively-with-agentic-evolver.txt	ok	arxiv	2026-04-28T21:30:17Z		Verify benchmark/task scope in full text.
FT0163	TA01678	SWE-CI: Evaluating Agent Capabilities in Maintaining Codebases via Continuous Integration	2026	maybe	3_maybe	no		2603.03823	citations	https://arxiv.org/pdf/2603.03823	search/full-texts/pdf/FT0163_TA01678_swe-ci-evaluating-agent-capabilities-in-maintaining-codebases-via-continuous-int.pdf	search/full-texts/text/FT0163_TA01678_swe-ci-evaluating-agent-capabilities-in-maintaining-codebases-via-continuous-int.txt	ok	arxiv	2026-04-28T21:30:19Z		Verify benchmark/contextual-study status in full text.
FT0164	TA01696	TAME: A Trustworthy Test-Time Evolution of Agent Memory with Systematic Benchmarking	2026	maybe	3_maybe	no	10.48550/arxiv.2602.03224	2602.03224	citations	https://arxiv.org/pdf/2602.03224	search/full-texts/pdf/FT0164_TA01696_tame-a-trustworthy-test-time-evolution-of-agent-memory-with-systematic-benchmark.pdf	search/full-texts/text/FT0164_TA01696_tame-a-trustworthy-test-time-evolution-of-agent-memory-with-systematic-benchmark.txt	ok	arxiv	2026-04-28T21:30:20Z		Verify benchmark/task scope in full text.
FT0165	TA01818	When the Specification Emerges: Benchmarking Faithfulness Loss in Long-Horizon Coding Agents	2026	maybe	3_maybe	no		2603.17104	citations	https://arxiv.org/pdf/2603.17104	search/full-texts/pdf/FT0165_TA01818_when-the-specification-emerges-benchmarking-faithfulness-loss-in-long-horizon-co.pdf	search/full-texts/text/FT0165_TA01818_when-the-specification-emerges-benchmarking-faithfulness-loss-in-long-horizon-co.txt	ok	arxiv	2026-04-28T21:30:22Z		Verify benchmark/contextual-study status.
