included_id	full_text_id	screening_id	dedup_group	title	year	authors	venue	doi	arxiv_id	sources	source_files	provenance	retrieval_status	pdf_path	text_path	full_text_rationale	study_role	architecture_status	controlled_comparison_status	classification_status	extraction_notes
I001	FT0001	TA00310	D00310	Reflexion: Language Agents with Verbal Reinforcement Learning	2023	Noah Shinn; Federico Cassano; Beck Labash; A. Gopinath; Karthik Narasimhan; Shunyu Yao	arXiv	10.48550/arXiv.2303.11366	2303.11366	arxiv_chunk; citations; scopus	search/arxiv-query-chunk-results.tsv; search/results-citations.json; search/scopus-results-family-b-generic-agent-memory-se.json	cs.AI;cs.CL;cs.LG; backward | backward_from=deshpande2025memtrack;du2026memory;li2026traversalaspolicy;lindenbauer2025ctimrover;shen2026structurally;wang2026memgovern;zhang2025accelopt;zhang2026textbfgs;weng2026groupevolving;memorytransfer2026; family_b_generic_agent_memory_se; Conference Paper	ok	search/full-texts/pdf/FT0001_TA00310_reflexion-language-agents-with-verbal-reinforcement-learning.pdf	search/full-texts/text/FT0001_TA00310_reflexion-language-agents-with-verbal-reinforcement-learning.txt	Full text describes self-reflection converted into semantic experience summaries stored in long-term episodic memory and reused in subsequent trials, with HumanEval coding evaluation.	architecture	arch_experience_bank	pending_extraction	classified_from_full_text_rationale	classification pass: semantic episodic experience summaries stored/reused across HumanEval trials
I002	FT0082	TA00712	D00712	Self-Taught Optimizer (STOP): Recursively Self-Improving Code Generation	2023	E. Zelikman; Eliana Lorch; L. Mackey; A. Kalai	arXiv	10.48550/arXiv.2310.02304	2310.02304	arxiv_chunk; citations	search/arxiv-query-chunk-results.tsv; search/results-citations.json	cs.CL;cs.AI;cs.LG;stat.ML; backward | backward_from=weng2026groupevolving	ok	search/full-texts/pdf/FT0082_TA00712_self-taught-optimizer-stop-recursively-self-improving-code-generation.pdf	search/full-texts/text/FT0082_TA00712_self-taught-optimizer-stop-recursively-self-improving-code-generation.txt	Full text describes STOP recursively self-improving its own code-generation improver across iterations, preserving improved improver code and showing transfer to new downstream algorithmic/code-generation tasks with quantitative results.	architecture	arch_self_evolution_archive	pending_extraction	classified_from_full_text_rationale	classification pass: improved code-generation improver is preserved across self-improvement iterations
I003	FT0088	TA01157	D01157	Empowering Agile-Based Generative Software Development through Human-AI Teamwork	2024	Sai Zhang; Zhenchang Xing; Ronghui Guo; Fangzhou Xu; Lei Chen; Zhaoyuan Zhang; Xiaowang Zhang; Zhiyong Feng; Zhiqiang Zhuang		10.1145/3702987	2407.15568	citations	search/results-citations.json	forward | forward_from=qian2024iterative	ok	search/full-texts/pdf/FT0088_TA01157_empowering-agile-based-generative-software-development-through-human-ai-teamwork.pdf	search/full-texts/text/FT0088_TA01157_empowering-agile-based-generative-software-development-through-human-ai-teamwork.txt	Full text describes AgileGen maintaining a self-updating memory pool of prior user decision-making scenarios, retrieving similar entries for future software-generation tasks, and evaluating generated software with CodeBLEU, Pass@1, human evaluation, time, cost, and ablation-style comparisons.	architecture	arch_experience_bank	pending_extraction	classified_from_full_text_rationale	classification pass: self-updating memory pool of prior user decision scenarios
I004	FT0003	TA00466	D00466	FALCON: Feedback-driven Adaptive Long/short-term memory reinforced Coding Optimization system	2024		arXiv	10.48550/arXiv.2410.21349	2410.21349	arxiv_chunk	search/arxiv-query-chunk-results.tsv	cs.LG;cs.AI;cs.PF	ok	search/full-texts/pdf/FT0003_TA00466_falcon-feedback-driven-adaptive-long-short-term-memory-reinforced-coding-optimiz.pdf	search/full-texts/text/FT0003_TA00466_falcon-feedback-driven-adaptive-long-short-term-memory-reinforced-coding-optimiz.txt	Full text describes FALCON as a coding-optimization system with explicit long-term and short-term memory buffers that store historical tasks, errors, and feedback for later code-generation improvement with empirical evaluation.	architecture	arch_experience_bank	pending_extraction	classified_from_full_text_rationale	classification pass: long/short-term memory buffers for coding optimization
I005	FT0002	TA00018	D00018	Iterative Experience Refinement of Software-Developing Agents	2024		arXiv	10.48550/arXiv.2405.04219	2405.04219	arxiv_chunk	search/arxiv-query-chunk-results.tsv	cs.CL;cs.AI;cs.MA;cs.SE	ok	search/full-texts/pdf/FT0002_TA00018_iterative-experience-refinement-of-software-developing-agents.pdf	search/full-texts/text/FT0002_TA00018_iterative-experience-refinement-of-software-developing-agents.txt	Full text describes Iterative Experience Refinement for software-developing agents, accumulating and refining experiences across task batches and evaluating software-development task performance.	architecture	arch_experience_bank	yes_prefilled_prior	classified_from_prior_prefill_recheck_required	prior extraction match: qian2024iterative; role/type prefilled from extraction/extracted-data.tsv and must be rechecked for current search. | classification pass: prior exact-title match; experience refinement across software-development batches
I006	FT0005	TA01356	D01356	LLMs as Continuous Learners: Improving the Reproduction of Defective Code in Software Issues	2024	Yalan Lin; Yingwei Ma; Rongyu Cao; Binhua Li; Fei Huang; Xiaodong Gu; Yongbin Li		10.48550/arxiv.2411.13941	2411.13941	citations	search/results-citations.json	backward | backward_from=chen2025sweexp;mu2025experepair	ok	search/full-texts/pdf/FT0005_TA01356_llms-as-continuous-learners-improving-the-reproduction-of-defective-code-in-soft.pdf	search/full-texts/text/FT0005_TA01356_llms-as-continuous-learners-improving-the-reproduction-of-defective-code-in-soft.txt	Full text describes EvoCoder accumulating prior issue-reproduction trajectories into common and repository-specific experience pools that are updated and reused on later software issues, with SWE-bench evaluation.	architecture	arch_experience_bank	pending_extraction	classified_from_full_text_rationale	classification pass: common and repository-specific experience pools for issue reproduction
I007	FT0004	TA00540	D00540	Skill-Adpative Imitation Learning for UI Test Reuse	2024		arXiv	10.48550/arXiv.2409.13311	2409.13311	arxiv_chunk	search/arxiv-query-chunk-results.tsv	cs.SE	ok	search/full-texts/pdf/FT0004_TA00540_skill-adpative-imitation-learning-for-ui-test-reuse.pdf	search/full-texts/text/FT0004_TA00540_skill-adpative-imitation-learning-for-ui-test-reuse.txt	Full text describes SAIL extracting and archiving UI-testing skills in a memory/knowledge base from source test cases and reusing them for later target-app test generation, with evaluation against baselines.	architecture	arch_skill_rule_library	pending_extraction	classified_from_full_text_rationale	classification pass: archived UI-testing skills reused for target-app test generation
I008	FT0095	TA00284	D00284	A Self-Improving Coding Agent	2025	Maxime Robeyns; M. Szummer; Laurence Aitchison	arXiv	10.48550/arXiv.2504.15228	2504.15228	arxiv_chunk; citations	search/arxiv-query-chunk-results.tsv; search/results-citations.json	cs.AI; backward | backward_from=weng2026groupevolving	ok	search/full-texts/pdf/FT0095_TA00284_a-self-improving-coding-agent.pdf	search/full-texts/text/FT0095_TA00284_a-self-improving-coding-agent.txt	Full text describes a self-improving coding agent that keeps an archive of previous agents and benchmark results, selects the best archived agent for the next self-modification iteration, and reports gains on SWE-Bench Verified, LiveCodeBench, and synthetic benchmarks.	architecture	arch_self_evolution_archive	pending_extraction	classified_from_full_text_rationale	classification pass: archive of previous agents and benchmark results guides self-modification
I009	FT0025	TA00450	D00450	AccelOpt: A Self-Improving LLM Agentic System for AI Accelerator Kernel Optimization	2025	Genghan Zhang; Shaowei Zhu; Anjiang Wei; Zhenyu Song; Allen Nie; Zhen Jia; Nandita Vijaykumar; Yida Wang; K. Olukotun	arXiv	10.48550/arXiv.2511.15915	2511.15915	arxiv_chunk; citations	search/arxiv-query-chunk-results.tsv; search/results-citations.json	cs.LG;cs.CL; forward | forward_from=ouyang2026reasoningbank	ok	search/full-texts/pdf/FT0025_TA00450_accelopt-a-self-improving-llm-agentic-system-for-ai-accelerator-kernel-optimizat.pdf	search/full-texts/text/FT0025_TA00450_accelopt-a-self-improving-llm-agentic-system-for-ai-accelerator-kernel-optimizat.txt	Full text describes AccelOpt maintaining and updating optimization memory from prior slow-fast kernel pairs and exploration experiences, with NKIBench evaluation for AI accelerator kernel optimization.	architecture	arch_experience_bank	yes_prefilled_prior	classified_from_prior_prefill_recheck_required	prior extraction match: zhang2025accelopt; role/type prefilled from extraction/extracted-data.tsv and must be rechecked for current search. | classification pass: prior exact-title match; optimization memory from slow-fast kernel pairs
I010	FT0030	TA00588	D00588	Agent KB: Leveraging Cross-Domain Experience for Agentic Problem Solving	2025	Xiangru Tang; Tianrui Qin; Tianhao Peng; Ziyang Zhou; Yanjun Shao; TingTing Du; Xinming Wei; Peng Xia; Fang Wu; He Zhu; Ge Zhang; Jiaheng Liu; Xingyao Wang; Sirui Hong; Chenglin Wu; Hao Cheng; Chi Wang; Wangchunshu Zhou	arXiv	10.48550/arXiv.2507.06229	2507.06229	arxiv_chunk; citations	search/arxiv-query-chunk-results.tsv; search/results-citations.json	cs.CL;cs.AI; backward+forward | forward_from=su2025learnbyinteract | backward_from=chen2025sweexp;ouyang2026reasoningbank;memorytransfer2026	ok	search/full-texts/pdf/FT0030_TA00588_agent-kb-leveraging-cross-domain-experience-for-agentic-problem-solving.pdf	search/full-texts/text/FT0030_TA00588_agent-kb-leveraging-cross-domain-experience-for-agentic-problem-solving.txt	Full text describes Agent KB as a shared cross-framework knowledge base that distills heterogeneous agent trajectories into reusable experience units and evaluates cross-domain transfer including SWE-bench.	architecture	arch_experience_bank	pending_extraction	classified_from_full_text_rationale	classification pass: shared cross-framework distilled trajectory experience units
I011	FT0100	TA00330	D00330	Agents in software engineering: survey, landscape, and vision	2025	Wang Y.	Automated Software Engineering	10.1007/s10515-025-00544-2	2409.09030	arxiv_chunk; scopus	search/arxiv-query-chunk-results.tsv; search/scopus-results-family-b-generic-agent-memory-se.json	cs.SE;cs.AI;cs.CL; family_b_generic_agent_memory_se; Article	ok	search/full-texts/pdf/FT0100_TA00330_agents-in-software-engineering-survey-landscape-and-vision.pdf	search/full-texts/text/FT0100_TA00330_agents-in-software-engineering-survey-landscape-and-vision.txt	Full text is an analytical survey of LLM-based agents in software engineering that filters 115 papers, proposes a perception-memory-action framework, and analyzes semantic, episodic, and procedural memory roles in SE agents; retained as contextual/taxonomic evidence.	contextual_survey	contextual_not_applicable	not_applicable_contextual	classified_from_full_text_rationale	classification pass: analytical SE-agent survey with perception-memory-action taxonomy
I012	FT0114	TA00960	D00960	AlphaOPT: Formulating Optimization Programs with Self-Improving LLM Experience Library	2025	Minwei Kong; A. Qu; Xiaotong Guo; Wenbin Ouyang; Chonghe Jiang; Han Zheng; Yining Ma; Dingyi Zhuang; Yuhan Tang; Junyi Li; Hai Wang; Cathy Wu; Jinhua Zhao		10.48550/arxiv.2510.18428	2510.18428	citations	search/results-citations.json	forward | forward_from=ouyang2026reasoningbank;mu2025experepair	ok	search/full-texts/pdf/FT0114_TA00960_alphaopt-formulating-optimization-programs-with-self-improving-llm-experience-li.pdf	search/full-texts/text/FT0114_TA00960_alphaopt-formulating-optimization-programs-with-self-improving-llm-experience-li.txt	Full text proposes AlphaOPT, a self-improving solver-verified experience library that stores structured modeling and code-implementation insights, retrieves and refines them across optimization-program instances, and evaluates performance on multiple optimization/program-formulation benchmarks.	architecture	arch_experience_bank	pending_extraction	classified_from_full_text_rationale	classification pass: self-improving solver-verified experience library
I013	FT0096	TA00287	D00287	Autonomous Code Evolution Meets NP-Completeness	2025		arXiv	10.48550/arXiv.2509.07367	2509.07367	arxiv_chunk	search/arxiv-query-chunk-results.tsv	cs.AI;cs.LG;cs.LO	ok	search/full-texts/pdf/FT0096_TA00287_autonomous-code-evolution-meets-np-completeness.pdf	search/full-texts/text/FT0096_TA00287_autonomous-code-evolution-meets-np-completeness.txt	Full text describes SATLUTION as a repository-scale LLM-based code-evolution framework that persists evolved solver repositories, self-evolves evolution policies/rules across cycles, and reports PAR-2 and solved-instance results against SAT Competition benchmarks.	architecture	arch_self_evolution_archive	pending_extraction	classified_from_full_text_rationale	classification pass: persists evolved solver repositories and self-evolving rules/policies
I014	FT0102	TA00389	D00389	Beyond Task Completion: An Assessment Framework for Evaluating Agentic AI Systems	2025		arXiv	10.48550/arXiv.2512.12791	2512.12791	arxiv_chunk	search/arxiv-query-chunk-results.tsv	cs.MA;cs.AI;cs.SE	ok	search/full-texts/pdf/FT0102_TA00389_beyond-task-completion-an-assessment-framework-for-evaluating-agentic-ai-systems.pdf	search/full-texts/text/FT0102_TA00389_beyond-task-completion-an-assessment-framework-for-evaluating-agentic-ai-systems.txt	Full text proposes an Agent Assessment Framework with explicit memory-pillar metrics for storage/update correctness, retrieval accuracy, latency, and coverage, and validates it on a representative Autonomous CloudOps agentic system in a software-engineering/operations setting.	contextual_assessment	contextual_not_applicable	not_applicable_contextual	classified_from_full_text_rationale	classification pass: assessment framework with memory metrics, not a persistence architecture itself
I015	FT0013	TA00148	D00148	CodeDistiller: Automatically Generating Code Libraries for Scientific Coding Agents	2025		arXiv	10.48550/arXiv.2512.01089	2512.01089	arxiv_chunk	search/arxiv-query-chunk-results.tsv	cs.AI	ok	search/full-texts/pdf/FT0013_TA00148_codedistiller-automatically-generating-code-libraries-for-scientific-coding-agen.pdf	search/full-texts/text/FT0013_TA00148_codedistiller-automatically-generating-code-libraries-for-scientific-coding-agen.txt	Full text describes CodeDistiller generating a vetted reusable code-example library from repositories for scientific coding agents, with automatic/domain-expert evaluation and downstream agent evaluation.	architecture	arch_skill_rule_library	pending_extraction	classified_from_full_text_rationale	classification pass: vetted reusable code-example library for scientific coding agents
I016	FT0016	TA00156	D00156	Confucius Code Agent: Scalable Agent Scaffolding for Real-World Codebases	2025	Sherman Wong; Zhenting Qi; Zhaodong Wang; Nathan Hu; Samuel Lin; Jun Ge; Erwin Gao; Wenlin Chen; Yilun Du; Minlan Yu; Ying Zhang	arXiv	10.48550/arXiv.2512.10398	2512.10398	arxiv_chunk; citations	search/arxiv-query-chunk-results.tsv; search/results-citations.json	cs.CL;cs.AI;cs.LG;cs.SE; backward+forward | forward_from=xia2025livesweagent | backward_from=vasilopoulos2026codified	ok	search/full-texts/pdf/FT0016_TA00156_confucius-code-agent-scalable-agent-scaffolding-for-real-world-codebases.pdf	search/full-texts/text/FT0016_TA00156_confucius-code-agent-scalable-agent-scaffolding-for-real-world-codebases.txt	Full text describes Confucius Code Agent with a persistent note-taking and long-term memory system for cross-session continual learning, evaluated on SWE-Bench-Pro, SWE-Bench Verified, and PyTorch-Bench.	architecture	arch_persistent_workspace_state	yes_prefilled_prior	classified_from_prior_prefill_recheck_required	prior extraction match: wong2025confucius; role/type prefilled from extraction/extracted-data.tsv and must be rechecked for current search. | classification pass: prior exact-title match; persistent notes and long-term memory across sessions
I017	FT0089	TA00075	D00075	Darwin Godel Machine: Open-Ended Evolution of Self-Improving Agents	2025	Jenny Zhang; Shengran Hu; Cong Lu; R. Lange; Jeff Clune	arXiv	10.48550/arXiv.2505.22954	2505.22954	arxiv_chunk; citations	search/arxiv-query-chunk-results.tsv; search/results-citations.json	cs.AI; backward | backward_from=chen2025sweexp;xia2025livesweagent;weng2026groupevolving	ok	search/full-texts/pdf/FT0089_TA00075_darwin-godel-machine-open-ended-evolution-of-self-improving-agents.pdf	search/full-texts/text/FT0089_TA00075_darwin-godel-machine-open-ended-evolution-of-self-improving-agents.txt	Full text describes the Darwin Godel Machine maintaining an archive of generated coding agents, selecting archived agents for self-modification, preserving auditable lineages of code changes/evaluations, and improving on SWE-bench and Polyglot with baselines for self-improvement and archive/open-ended exploration.	architecture	arch_self_evolution_archive	pending_extraction	classified_from_full_text_rationale	classification pass: archive and lineage of generated coding agents
I018	FT0032	TA01147	D01147	ECO: An LLM-Driven Efficient Code Optimizer for Warehouse Scale Computers	2025	Hannah Lin; Martin Maas; Maximilian Roquemore; Arman Hasanzadeh; Fred Lewis; Yusuf Simonson; Tzu-Wei Yang; Amir Yazdanbakhsh; Deniz Altinbüken; Florin Papa; Maggie Nolan Edmonds; Aditya Patil; Don Schwarz; Satish Chandra; Chris Kennelly; Milad Hashemi; Parthasarathy Ranganathan		10.48550/arxiv.2503.15669	2503.15669	citations	search/results-citations.json	backward | backward_from=dong2026kernelblaster;wong2025confucius	ok	search/full-texts/pdf/FT0032_TA01147_eco-an-llm-driven-efficient-code-optimizer-for-warehouse-scale-computers.pdf	search/full-texts/text/FT0032_TA01147_eco-an-llm-driven-efficient-code-optimizer-for-warehouse-scale-computers.txt	Full text describes ECO mining historical performance-optimizing commits into reusable anti-pattern/optimization knowledge and applying it through an LLM-driven code optimizer with production-scale evaluation.	architecture	arch_experience_bank	pending_extraction	classified_from_full_text_rationale	classification pass: historical performance-optimizing commits mined into reusable optimization knowledge
I019	FT0033	TA01175	D01175	EvoLattice: Persistent Internal-Population Evolution through Multi-Alternative Quality-Diversity Graph Representations for LLM-Guided Program Discovery	2025	K. Yuksel		10.48550/arxiv.2512.13857	2512.13857	citations	search/results-citations.json	forward | forward_from=zhang2025darwingodel	ok	search/full-texts/pdf/FT0033_TA01175_evolattice-persistent-internal-population-evolution-through-multi-alternative-qu.pdf	search/full-texts/text/FT0033_TA01175_evolattice-persistent-internal-population-evolution-through-multi-alternative-qu.txt	Full text describes EvoLattice as a persistent multi-alternative graph representation that preserves reusable program components and historical evidence during LLM-guided program discovery, with benchmark evaluation.	architecture	arch_self_evolution_archive	pending_extraction	classified_from_full_text_rationale	classification pass: persistent quality-diversity graph of reusable program components/evidence
I020	FT0031	TA00677	D00677	Evolving Triple Knowledge-Augmented LLMs for Code Translation in Repository Context	2025		arXiv	10.48550/arXiv.2503.18305	2503.18305	arxiv_chunk	search/arxiv-query-chunk-results.tsv	cs.SE	ok	search/full-texts/pdf/FT0031_TA00677_evolving-triple-knowledge-augmented-llms-for-code-translation-in-repository-cont.pdf	search/full-texts/text/FT0031_TA00677_evolving-triple-knowledge-augmented-llms-for-code-translation-in-repository-cont.txt	Full text describes K3 Trans constructing and continuously evolving a translation knowledge base from target-language codebases, repository context, and prior translation results, with repository-level code-translation evaluation.	architecture	arch_repository_memory	pending_extraction	classified_from_full_text_rationale	classification pass: evolving translation knowledge base from codebase context and prior translations
I021	FT0028	TA00473	D00473	EXPEREPAIR: Dual-Memory Enhanced LLM-based Repository-Level Program Repair	2025	Fangwen Mu; Junjie Wang; Lin Shi; Song Wang; Shoubin Li; Qing Wang	arXiv	10.48550/arXiv.2506.10484	2506.10484	arxiv_chunk; citations	search/arxiv-query-chunk-results.tsv; search/results-citations.json	cs.SE; backward | backward_from=shen2026structurally;wang2026memgovern	ok	search/full-texts/pdf/FT0028_TA00473_experepair-dual-memory-enhanced-llm-based-repository-level-program-repair.pdf	search/full-texts/text/FT0028_TA00473_experepair-dual-memory-enhanced-llm-based-repository-level-program-repair.txt	Full text describes ExpeRepair accumulating historical repair experiences into episodic and semantic memories, retrieving them at inference time for repository-level program repair, and evaluating on SWE-bench Lite.	architecture	arch_experience_bank	pending_extraction	classified_from_full_text_rationale	classification pass: episodic and semantic repair memories from historical repair experiences
I022	FT0006	TA00077	D00077	From Knowledge to Noise: CTIM-Rover and the Pitfalls of Episodic Memory in Software Engineering Agents	2025	Tobias Lindenbauer; Georg Groh; Hinrich Schütze	arXiv	10.48550/arXiv.2505.23422	2505.23422	arxiv_chunk; citations	search/arxiv-query-chunk-results.tsv; search/results-citations.json	cs.SE;cs.AI; forward | forward_from=su2025learnbyinteract	ok	search/full-texts/pdf/FT0006_TA00077_from-knowledge-to-noise-ctim-rover-and-the-pitfalls-of-episodic-memory-in-softwa.pdf	search/full-texts/text/FT0006_TA00077_from-knowledge-to-noise-ctim-rover-and-the-pitfalls-of-episodic-memory-in-softwa.txt	Full text describes CTIM-Rover as a software-engineering agent with cross-task-instance episodic memory distilled from prior SWE-bench experiences and reports negative empirical results, which remain eligible evidence.	architecture	arch_experience_bank	yes_prefilled_prior	classified_from_prior_prefill_recheck_required	prior extraction match: lindenbauer2025ctimrover; role/type prefilled from extraction/extracted-data.tsv and must be rechecked for current search. | classification pass: prior exact-title match; cross-task episodic SWE-bench memory with negative results
I023	FT0021	TA00361	D00361	Git Context Controller: Manage the Context of LLM-based Agents like Git	2025		arXiv	10.48550/arXiv.2508.00031	2508.00031	arxiv_chunk	search/arxiv-query-chunk-results.tsv	cs.SE	ok	search/full-texts/pdf/FT0021_TA00361_git-context-controller-manage-the-context-of-llm-based-agents-like-git.pdf	search/full-texts/text/FT0021_TA00361_git-context-controller-manage-the-context-of-llm-based-agents-like-git.txt	Full text describes Git Context Controller as a persistent, version-controlled memory workspace for LLM agents, supporting cross-session continuity, branching, merging, and SWE-Bench/BrowseComp evaluation.	architecture	arch_persistent_workspace_state	yes_prefilled_prior	classified_from_prior_prefill_recheck_required	prior extraction match: wu2025gcc; role/type prefilled from extraction/extracted-data.tsv and must be rechecked for current search. | classification pass: prior exact-title match; version-controlled persistent memory workspace
I024	FT0098	TA00292	D00292	Huxley-Gödel Machine: Human-Level Coding Agent Development by an Approximation of the Optimal Self-Improving Machine	2025	Wenyi Wang; Piotr Piekos; Nanbo Li; Firas Laakom; Yimeng Chen; Mateusz Ostaszewski; Mingchen Zhuge; Jurgen Schmidhuber	arXiv	10.48550/arXiv.2510.21614	2510.21614	arxiv_chunk; citations	search/arxiv-query-chunk-results.tsv; search/results-citations.json	cs.AI; backward+forward | forward_from=zhang2025darwingodel | backward_from=chen2025sweexp;xia2025livesweagent	ok	search/full-texts/pdf/FT0098_TA00292_huxley-g-del-machine-human-level-coding-agent-development-by-an-approximation-of.pdf	search/full-texts/text/FT0098_TA00292_huxley-g-del-machine-human-level-coding-agent-development-by-an-approximation-of.txt	Full text describes the Huxley-Godel Machine maintaining a tree/archive of self-modified coding agents and evaluations, using clade-level metaproductivity to guide future self-improvement, and evaluating on SWE-bench Verified, SWE-bench Lite, and Polyglot.	architecture	arch_self_evolution_archive	pending_extraction	classified_from_full_text_rationale	classification pass: tree/archive of self-modified coding agents and evaluations
I025	FT0023	TA00371	D00371	Improving Code Localization with Repository Memory	2025	Boshi Wang; Weijian Xu; Yunsheng Li; Mei Gao; Yujia Xie; Huan Sun; Dongdong Chen	arXiv	10.48550/arXiv.2510.01003	2510.01003	arxiv_chunk; citations	search/arxiv-query-chunk-results.tsv; search/results-citations.json	cs.SE;cs.CL; backward | backward_from=shen2026structurally	ok	search/full-texts/pdf/FT0023_TA00371_improving-code-localization-with-repository-memory.pdf	search/full-texts/text/FT0023_TA00371_improving-code-localization-with-repository-memory.txt	Full text proposes repository memory from historical commits, issues, and functionality summaries as episodic/semantic memory for code-localization agents, evaluated on SWE-bench Verified and SWE-bench Live.	architecture	arch_repository_memory	yes_prefilled_prior	classified_from_prior_prefill_recheck_required	prior extraction match: wang2025repositorymemory; role/type prefilled from extraction/extracted-data.tsv and must be rechecked for current search. | classification pass: prior exact-title match; historical commits/issues/function summaries as repository memory
I026	FT0075	TA01303	D01303	KernelEvolve: Scaling Agentic Kernel Coding for Heterogeneous AI Accelerators at Meta	2025	KernelEvolve Team; Meta Platforms		10.48550/arxiv.2512.23236	2512.23236	citations	search/results-citations.json	backward | backward_from=dong2026kernelblaster	ok	search/full-texts/pdf/FT0075_TA01303_kernelevolve-scaling-agentic-kernel-coding-for-heterogeneous-ai-accelerators-at.pdf	search/full-texts/text/FT0075_TA01303_kernelevolve-scaling-agentic-kernel-coding-for-heterogeneous-ai-accelerators-at.txt	Full text describes an agentic kernel-coding framework with a persistent knowledge base and metadata store that enable continuous knowledge accumulation, checkpointing, and cross-session knowledge reuse, and it evaluates correctness/performance on KernelBench and production operator-platform configurations.	architecture	arch_experience_bank	pending_extraction	classified_from_full_text_rationale	classification pass: persistent knowledge base and metadata store for kernel coding
I027	FT0034	TA01346	D01346	Lingxi: Repository-Level Issue Resolution Framework Enhanced by Procedural Knowledge Guided Scaling	2025	Xu Yang; Jiayuan Zhou; Michael Pacheco; Wenhan Zhu; Pengfei He; Shaowei Wang; Kui Liu; Ruiqi Pan		10.48550/arxiv.2510.11838	2510.11838	citations	search/results-citations.json	forward | forward_from=chen2025sweexp;tang2025agentkb	ok	search/full-texts/pdf/FT0034_TA01346_lingxi-repository-level-issue-resolution-framework-enhanced-by-procedural-knowle.pdf	search/full-texts/text/FT0034_TA01346_lingxi-repository-level-issue-resolution-framework-enhanced-by-procedural-knowle.txt	Full text describes Lingxi extracting transferable procedural knowledge from historical issue-fixing data and using it to guide repository-level issue resolution, with SWE-bench Verified evaluation.	architecture	arch_skill_rule_library	pending_extraction	classified_from_full_text_rationale	classification pass: procedural knowledge extracted from historical issue fixes
I028	FT0026	TA00452	D00452	MemoryGraft: Persistent Compromise of LLM Agents via Poisoned Experience Retrieval	2025		arXiv	10.48550/arXiv.2512.16962	2512.16962	arxiv_chunk	search/arxiv-query-chunk-results.tsv	cs.CR;cs.AI;cs.LG	ok	search/full-texts/pdf/FT0026_TA00452_memorygraft-persistent-compromise-of-llm-agents-via-poisoned-experience-retrieva.pdf	search/full-texts/text/FT0026_TA00452_memorygraft-persistent-compromise-of-llm-agents-via-poisoned-experience-retrieva.txt	Full text studies MemoryGraft attacks on long-term experience retrieval, showing poisoned memories persist alongside benign experiences and cause behavioral drift across later sessions in a DataInterpreter/code setting.	contextual_security	contextual_not_applicable	not_applicable_contextual	classified_from_prior_prefill_recheck_required	prior extraction match: srivastava2025memorygraft; role/type prefilled from extraction/extracted-data.tsv and must be rechecked for current search. | classification pass: prior exact-title match; attack/effect study of poisoned long-term memories
I029	FT0029	TA00477	D00477	MEMTRACK: Evaluating Long-Term Memory and State Tracking in Multi-Platform Dynamic Agent Environments	2025	Darshan Deshpande; Varun Gangal; Hersh Mehta; Anand Kannappan; Rebecca Qian; Peng Wang	arXiv	10.48550/arXiv.2510.01353	2510.01353	arxiv_chunk; citations	search/arxiv-query-chunk-results.tsv; search/results-citations.json	cs.AI;cs.CL; forward | forward_from=joshi2025swebenchcl	ok	search/full-texts/pdf/FT0029_TA00477_memtrack-evaluating-long-term-memory-and-state-tracking-in-multi-platform-dynami.pdf	search/full-texts/text/FT0029_TA00477_memtrack-evaluating-long-term-memory-and-state-tracking-in-multi-platform-dynami.txt	Full text presents MemTrack as a benchmark for long-term memory and state tracking in dynamic multi-platform agent environments including Git/codebase and documentation contexts, with memory-backend evaluation.	contextual_benchmark	contextual_not_applicable	not_applicable_contextual	classified_from_prior_prefill_recheck_required	prior extraction match: deshpande2025memtrack; role/type prefilled from extraction/extracted-data.tsv and must be rechecked for current search. | classification pass: prior exact-title match; long-term memory/state-tracking benchmark
I030	FT0092	TA00119	D00119	Multi-Agent Code-Orchestrated Generation for Reliable Infrastructure-as-Code	2025		arXiv	10.48550/arXiv.2510.03902	2510.03902	arxiv_chunk	search/arxiv-query-chunk-results.tsv	cs.SE	ok	search/full-texts/pdf/FT0092_TA00119_multi-agent-code-orchestrated-generation-for-reliable-infrastructure-as-code.pdf	search/full-texts/text/FT0092_TA00119_multi-agent-code-orchestrated-generation-for-reliable-infrastructure-as-code.txt	Full text describes MACOG using a Memory Curator that stores verified Infrastructure-as-Code tuples and typed motifs with metadata, retrieves them during later plan/compile steps, and evaluates the multi-agent IaC generator on IaC-Eval with metrics and ablations.	architecture	arch_skill_rule_library	pending_extraction	classified_from_full_text_rationale	classification pass: Memory Curator stores verified IaC tuples and typed motifs
I031	FT0022	TA00370	D00370	ReasoningBank: Scaling Agent Self-Evolving with Reasoning Memory	2025	Siru Ouyang; Jun Yan; I-Hung Hsu; Yanfei Chen; Ke Jiang; Zifeng Wang; Rujun Han; Long T. Le; Samira Daruki; Xiangru Tang; Vishy Tirumalashetty; George Lee; Mahsan Rofouei; Hangfei Lin; Jiawei Han; Chen-Yu Lee; Tomas Pfister	arXiv	10.48550/arXiv.2509.25140	2509.25140	arxiv_chunk; citations	search/arxiv-query-chunk-results.tsv; search/results-citations.json	cs.AI;cs.CL; backward+forward | forward_from=chen2025sweexp;su2025learnbyinteract;tang2025agentkb | backward_from=zhang2025accelopt;memorytransfer2026	ok	search/full-texts/pdf/FT0022_TA00370_reasoningbank-scaling-agent-self-evolving-with-reasoning-memory.pdf	search/full-texts/text/FT0022_TA00370_reasoningbank-scaling-agent-self-evolving-with-reasoning-memory.txt	Full text describes ReasoningBank as a memory framework that distills successful and failed experiences into reusable reasoning strategies, retrieves them for later tasks, and consolidates new experiences back into memory across web and software-engineering benchmarks.	architecture	arch_experience_bank	pending_extraction	classified_from_full_text_rationale	classification pass: reasoning strategies distilled from successful/failed experiences
I032	FT0091	TA00117	D00117	RedCodeAgent: Automatic Red-teaming Agent against Diverse Code Agents	2025		arXiv	10.48550/arXiv.2510.02609	2510.02609	arxiv_chunk	search/arxiv-query-chunk-results.tsv	cs.SE	ok	search/full-texts/pdf/FT0091_TA00117_redcodeagent-automatic-red-teaming-agent-against-diverse-code-agents.pdf	search/full-texts/text/FT0091_TA00117_redcodeagent-automatic-red-teaming-agent-against-diverse-code-agents.txt	Full text describes RedCodeAgent maintaining an adaptive memory of successful red-teaming experiences, storing trajectories, final evaluation results, and self-reflections, then retrieving similar entries for future red-teaming tasks against code agents, with broad attack-success evaluation.	architecture	arch_security_memory	pending_extraction	classified_from_full_text_rationale	classification pass: adaptive memory of successful red-team trajectories against code agents
I033	FT0017	TA00162	D00162	Reflection-Driven Control for Trustworthy Code Agents	2025		arXiv	10.48550/arXiv.2512.21354	2512.21354	arxiv_chunk	search/arxiv-query-chunk-results.tsv	cs.CR;cs.AI;cs.SE	ok	search/full-texts/pdf/FT0017_TA00162_reflection-driven-control-for-trustworthy-code-agents.pdf	search/full-texts/text/FT0017_TA00162_reflection-driven-control-for-trustworthy-code-agents.txt	Full text describes Reflection-Driven Control with a reflective memory repository that writes new cases back to memory, continuously evolves accumulated knowledge, and evaluates security-oriented code generation.	architecture	arch_security_memory	pending_extraction	classified_from_full_text_rationale	classification pass: reflective memory repository for security-oriented code generation
I034	FT0080	TA01629	D01629	Self-Defining Systems	2025	Thomas S. Anderson; Ratul Mahajan; Simon Peter; Luke S. Zettlemoyer	University of Washington white paper			citations	search/results-citations.json	forward | forward_from=zhang2025darwingodel	ok	search/full-texts/pdf/FT0080_TA01629_self-defining-systems.pdf	search/full-texts/text/FT0080_TA01629_self-defining-systems.txt	Full text describes Self-Defining Systems as an AI-agent workflow for infrastructure/software-system design, including a persistent agent-authored deployment playbook distilled from prior failures and reused on fresh VM deployments; it reports quantitative case-study results for two LLM runtime implementations, throughput, development time, and deployment-time reduction.	boundary_case_study	boundary_not_final_architecture	not_applicable_contextual	classified_from_full_text_rationale	classification pass: SDS white-paper case study with reusable agent-authored deployment playbook
I035	FT0012	TA00142	D00142	Smarter Together: Creating Agentic Communities of Practice through Shared Experiential Learning	2025		arXiv	10.48550/arXiv.2511.08301	2511.08301	arxiv_chunk	search/arxiv-query-chunk-results.tsv	cs.AI;cs.SE	ok	search/full-texts/pdf/FT0012_TA00142_smarter-together-creating-agentic-communities-of-practice-through-shared-experie.pdf	search/full-texts/text/FT0012_TA00142_smarter-together-creating-agentic-communities-of-practice-through-shared-experie.txt	Full text describes Spark as a persistent shared experiential memory for coding agents, where structured experience traces are merged into a continuously evolving memory and evaluated on software-development tasks.	architecture	arch_shared_memory	yes_prefilled_prior	classified_from_prior_prefill_recheck_required	prior extraction match: tablan2025smarter; role/type prefilled from extraction/extracted-data.tsv and must be rechecked for current search. | classification pass: prior exact-title match; shared experiential memory for coding agents
I036	FT0007	TA00084	D00084	SWE-Bench-CL: Continual Learning for Coding Agents	2025	Thomas T. Joshi; Shayan Chowdhury; Fatih Uysal	arXiv	10.48550/arXiv.2507.00014	2507.00014	arxiv_chunk; citations	search/arxiv-query-chunk-results.tsv; search/results-citations.json	cs.LG;cs.AI;cs.SE; backward | backward_from=deshpande2025memtrack;shen2026structurally	ok	search/full-texts/pdf/FT0007_TA00084_swe-bench-cl-continual-learning-for-coding-agents.pdf	search/full-texts/text/FT0007_TA00084_swe-bench-cl-continual-learning-for-coding-agents.txt	Full text introduces SWE-Bench-CL as a continual-learning benchmark and evaluation framework for coding agents with semantic memory, measuring experience accumulation and transfer across tasks.	contextual_benchmark	contextual_not_applicable	not_applicable_contextual	classified_from_prior_prefill_recheck_required	prior extraction match: joshi2025swebenchcl; role/type prefilled from extraction/extracted-data.tsv and must be rechecked for current search. | classification pass: prior exact-title match; continual-learning benchmark for coding agents
I037	FT0009	TA00096	D00096	SWE-Exp: Experience-Driven Software Issue Resolution	2025	Silin Chen; Shaoxin Lin; Xiaodong Gu; Yuling Shi; Heng Lian; Longfei Yun; Dong Chen; Wei Sun; Linbo Cao; Qianxiang Wang	arXiv	10.48550/arXiv.2507.23361	2507.23361	arxiv_chunk; citations	search/arxiv-query-chunk-results.tsv; search/results-citations.json	cs.SE;cs.CL;cs.LG; backward+forward | forward_from=zhang2025darwingodel;tang2025agentkb | backward_from=shen2026structurally;wang2026memgovern;ouyang2026reasoningbank;memorytransfer2026	ok	search/full-texts/pdf/FT0009_TA00096_swe-exp-experience-driven-software-issue-resolution.pdf	search/full-texts/text/FT0009_TA00096_swe-exp-experience-driven-software-issue-resolution.txt	Full text describes SWE-Exp as an issue-resolution system that distills successful and failed prior repair trajectories into an evolving experience bank and reuses them across later SWE-bench issues.	architecture	arch_experience_bank	yes_prefilled_prior	classified_from_prior_prefill_recheck_required	prior extraction match: chen2025sweexp; role/type prefilled from extraction/extracted-data.tsv and must be rechecked for current search. | classification pass: prior exact-title match; evolving issue-resolution experience bank
I038	FT0020	TA00355	D00355	TAI3: Testing Agent Integrity in Interpreting User Intent	2025		arXiv	10.48550/arXiv.2506.07524	2506.07524	arxiv_chunk	search/arxiv-query-chunk-results.tsv	cs.SE;cs.AI;cs.CY	ok	search/full-texts/pdf/FT0020_TA00355_tai3-testing-agent-integrity-in-interpreting-user-intent.pdf	search/full-texts/text/FT0020_TA00355_tai3-testing-agent-integrity-in-interpreting-user-intent.txt	Full text describes TAI3 maintaining and updating a datatype-aware strategy memory of successful mutation patterns, retrieving/adapting them for new seed tasks, with evaluation over 80 toolkit APIs.	architecture	arch_skill_rule_library	pending_extraction	classified_from_full_text_rationale	classification pass: datatype-aware strategy memory of successful mutation patterns
I039	FT0011	TA00129	D00129	TALM: Dynamic Tree-Structured Multi-Agent Framework with Long-Term Memory for Scalable Code Generation	2025		arXiv	10.48550/arXiv.2510.23010	2510.23010	arxiv_chunk	search/arxiv-query-chunk-results.tsv	cs.SE	ok	search/full-texts/pdf/FT0011_TA00129_talm-dynamic-tree-structured-multi-agent-framework-with-long-term-memory-for-sca.pdf	search/full-texts/text/FT0011_TA00129_talm-dynamic-tree-structured-multi-agent-framework-with-long-term-memory-for-sca.txt	Full text describes TALM as a code-generation framework with a long-term memory module that stores, retrieves, and updates prior problem-solving experiences for future tasks, with HumanEval, BigCodeBench, and ClassEval evaluation.	architecture	arch_experience_bank	yes_prefilled_prior	classified_from_prior_prefill_recheck_required	prior extraction match: shen2025talm; role/type prefilled from extraction/extracted-data.tsv and must be rechecked for current search. | classification pass: prior exact-title match; long-term problem-solving experience memory
I040	FT0010	TA00127	D00127	TOM-SWE: User Mental Modeling For Software Engineering Agents	2025		arXiv	10.48550/arXiv.2510.21903	2510.21903	arxiv_chunk	search/arxiv-query-chunk-results.tsv	cs.SE;cs.AI	ok	search/full-texts/pdf/FT0010_TA00127_tom-swe-user-mental-modeling-for-software-engineering-agents.pdf	search/full-texts/text/FT0010_TA00127_tom-swe-user-mental-modeling-for-software-engineering-agents.txt	Full text describes ToM-SWE maintaining a persistent user mental-state memory across multiple software-engineering sessions and evaluates it on stateful and ambiguous SWE benchmarks.	architecture	arch_user_model_memory	yes_prefilled_prior	classified_from_prior_prefill_recheck_required	prior extraction match: zhou2025tomswe; role/type prefilled from extraction/extracted-data.tsv and must be rechecked for current search. | classification pass: prior exact-title match; persistent user mental-state memory
I041	FT0019	TA00346	D00346	Toward Generation of Test Cases from Task Descriptions via History-aware Planning	2025		arXiv	10.48550/arXiv.2504.14336	2504.14336	arxiv_chunk	search/arxiv-query-chunk-results.tsv	cs.SE	ok	search/full-texts/pdf/FT0019_TA00346_toward-generation-of-test-cases-from-task-descriptions-via-history-aware-plannin.pdf	search/full-texts/text/FT0019_TA00346_toward-generation-of-test-cases-from-task-descriptions-via-history-aware-plannin.txt	Full text describes HxAgent using short-term memory plus long-term experience from correct and incorrect action sequences, with a training/evaluation phase and empirical web-test generation evaluation.	architecture	arch_experience_bank	pending_extraction	classified_from_full_text_rationale	classification pass: long-term experience from correct/incorrect web-test actions
I042	FT0024	TA00449	D00449	Xolver: Multi-Agent Reasoning with Holistic Experience Learning Just Like an Olympiad Team	2025		arXiv	10.48550/arXiv.2506.14234	2506.14234	arxiv_chunk	search/arxiv-query-chunk-results.tsv	cs.CL;cs.AI	ok	search/full-texts/pdf/FT0024_TA00449_xolver-multi-agent-reasoning-with-holistic-experience-learning-just-like-an-olym.pdf	search/full-texts/text/FT0024_TA00449_xolver-multi-agent-reasoning-with-holistic-experience-learning-just-like-an-olym.txt	Full text describes Xolver as a multi-agent reasoning framework with persistent holistic experience memory and an evolving shared memory that accumulates reasoning paths, solutions, and feedback across programming/math benchmarks.	architecture	arch_experience_bank	yes_prefilled_prior	classified_from_prior_prefill_recheck_required	prior extraction match: hosain2025xolver; role/type prefilled from extraction/extracted-data.tsv and must be rechecked for current search. | classification pass: prior exact-title match; holistic experience memory/shared memory
I043	FT0053	TA00430	D00430	AdaExplore: Failure-Driven Adaptation and Diversity-Preserving Search for Efficient Kernel Generation	2026	Weihua Du; Jingming Zhuo; Yixin Dong; Andre He; Weiwei Sun; Zeyu Zheng; Manupa Karunaratne; Ivan Fox; Tim Dettmers; Tianqiu Chen; Yiming Yang; Sean J. Welleck	arXiv	10.48550/arXiv.2604.16625	2604.16625	arxiv_chunk; citations	search/arxiv-query-chunk-results.tsv; search/results-citations.json	cs.CL;cs.AI;cs.LG; forward | forward_from=zhang2025accelopt	ok	search/full-texts/pdf/FT0053_TA00430_adaexplore-failure-driven-adaptation-and-diversity-preserving-search-for-efficie.pdf	search/full-texts/text/FT0053_TA00430_adaexplore-failure-driven-adaptation-and-diversity-preserving-search-for-efficie.txt	Full text describes AdaExplore building cross-task memory of validity rules from execution failures for Triton/kernel generation and evaluating runtime optimization on KernelBench.	architecture	arch_experience_bank	pending_extraction	classified_from_full_text_rationale	classification pass: failure-derived cross-task memory of validity rules
I044	FT0135	TA00395	D00395	AgentDevel: Reframing Self-Evolving LLM Agents as Release Engineering	2026	Di Zhang	arXiv	10.48550/arXiv.2601.04620	2601.04620	arxiv_chunk; citations	search/arxiv-query-chunk-results.tsv; search/results-citations.json	cs.AI; forward | forward_from=zhang2025darwingodel	ok	search/full-texts/pdf/FT0135_TA00395_agentdevel-reframing-self-evolving-llm-agents-as-release-engineering.pdf	search/full-texts/text/FT0135_TA00395_agentdevel-reframing-self-evolving-llm-agents-as-release-engineering.txt	Full text proposes AgentDevel, an externalized release-engineering pipeline for agent improvement that persists execution traces, diagnostics, release candidates, promoted versions, and regression gates, with quantitative evaluation on SWE-bench Lite/Verified and other execution-heavy benchmarks.	architecture	arch_self_evolution_archive	pending_extraction	classified_from_full_text_rationale	classification pass: release-engineering pipeline persists traces, candidates, versions, regression gates
I045	FT0060	TA00917	D00917	AgentGA: Evolving Code Solutions in Agent-Seed Space	2026	David Y. Y. Tan; Kellie Chin; Jingxian Zhang			2604.14655	citations	search/results-citations.json	forward | forward_from=zhang2025darwingodel;weng2026groupevolving	ok	search/full-texts/pdf/FT0060_TA00917_agentga-evolving-code-solutions-in-agent-seed-space.pdf	search/full-texts/text/FT0060_TA00917_agentga-evolving-code-solutions-in-agent-seed-space.txt	Full text describes AgentGA launching fresh autonomous code-generation runs with inherited parent archives that persist reusable artifacts across generations, with Weco-Kaggle Lite and parent-child lineage evaluation.	architecture	arch_self_evolution_archive	pending_extraction	classified_from_full_text_rationale	classification pass: parent archives inherited across code-generation generations
I046	FT0142	TA00484	D00484	APEX-EM: Non-Parametric Online Learning for Autonomous Agents via Structured Procedural-Episodic Experience Replay	2026		arXiv	10.48550/arXiv.2603.29093	2603.29093	arxiv_chunk	search/arxiv-query-chunk-results.tsv	cs.CL;cs.AI;cs.IR	ok	search/full-texts/pdf/FT0142_TA00484_apex-em-non-parametric-online-learning-for-autonomous-agents-via-structured-proc.pdf	search/full-texts/text/FT0142_TA00484_apex-em-non-parametric-online-learning-for-autonomous-agents-via-structured-proc.txt	Full text proposes APEX-EM, a non-parametric online-learning framework with a procedural-episodic Experience Memory and Procedural Knowledge Graph that accumulates, retrieves, and reuses structured task executions across tasks, with evaluation on BigCodeBench and other benchmarks.	architecture	arch_experience_bank	pending_extraction	classified_from_full_text_rationale	classification pass: procedural-episodic experience replay and procedural knowledge graph
I047	FT0148	TA00703	D00703	BEAM: Bi-level Memory-adaptive Algorithmic Evolution for LLM-Powered Heuristic Design	2026		arXiv	10.48550/arXiv.2604.12898	2604.12898	arxiv_chunk	search/arxiv-query-chunk-results.tsv	cs.AI;math.CO	ok	search/full-texts/pdf/FT0148_TA00703_beam-bi-level-memory-adaptive-algorithmic-evolution-for-llm-powered-heuristic-de.pdf	search/full-texts/text/FT0148_TA00703_beam-bi-level-memory-adaptive-algorithmic-evolution-for-llm-powered-heuristic-de.txt	Full text proposes BEAM, a bi-level LLM-powered heuristic/code design system with Adaptive Memory storing reusable generated function components and a knowledge-augmentation pipeline, evaluated across combinatorial and continuous optimization benchmarks.	architecture	arch_skill_rule_library	pending_extraction	classified_from_full_text_rationale	classification pass: adaptive memory of reusable generated function components
I048	FT0046	TA00246	D00246	Beyond Crash-to-Patch: Patch Evolution for Linux Kernel Repair	2026		arXiv	10.48550/arXiv.2604.03851	2604.03851	arxiv_chunk	search/arxiv-query-chunk-results.tsv	cs.SE	ok	search/full-texts/pdf/FT0046_TA00246_beyond-crash-to-patch-patch-evolution-for-linux-kernel-repair.pdf	search/full-texts/text/FT0046_TA00246_beyond-crash-to-patch-patch-evolution-for-linux-kernel-repair.txt	Full text describes PatchAdvisor using layered retrieval-based memory from historical Linux kernel patch evolution to guide later repair/review generation, with temporally held-out evaluation.	architecture	arch_repository_memory	pending_extraction	classified_from_full_text_rationale	classification pass: layered retrieval memory from historical Linux patch evolution
I049	FT0061	TA01041	D01041	Co-RedTeam: Orchestrated Security Discovery and Exploitation with LLM Agents	2026	Pengfei He; A. Fox; L. Miculicich; Stefan Friedli; Daniel Fabian; Burak Gokturk; Jiliang Tang; Chen-Yu Lee; Tomas Pfister; Long T. Le		10.48550/arxiv.2602.02164	2602.02164	citations	search/results-citations.json	forward | forward_from=ouyang2026reasoningbank	ok	search/full-texts/pdf/FT0061_TA01041_co-redteam-orchestrated-security-discovery-and-exploitation-with-llm-agents.pdf	search/full-texts/text/FT0061_TA01041_co-redteam-orchestrated-security-discovery-and-exploitation-with-llm-agents.txt	Full text describes Co-RedTeam using layered long-term memory for reusable vulnerability patterns, attack strategies, and technical actions in autonomous software vulnerability discovery and exploitation, with CyBench and BountyBench evaluation plus memory-role analysis.	architecture	arch_security_memory	pending_extraction	classified_from_full_text_rationale	classification pass: layered long-term vulnerability/attack/action memories
I050	FT0045	TA00236	D00236	Codebase-Memory: Tree-Sitter-Based Knowledge Graphs for LLM Code Exploration via MCP	2026		arXiv	10.48550/arXiv.2603.27277	2603.27277	arxiv_chunk	search/arxiv-query-chunk-results.tsv	cs.SE;cs.AI;cs.PL	ok	search/full-texts/pdf/FT0045_TA00236_codebase-memory-tree-sitter-based-knowledge-graphs-for-llm-code-exploration-via.pdf	search/full-texts/text/FT0045_TA00236_codebase-memory-tree-sitter-based-knowledge-graphs-for-llm-code-exploration-via.txt	Full text describes Codebase-Memory as a persistent Tree-Sitter knowledge graph exposed to coding agents through MCP, with repository/question-answering and SWE-bench-related evaluation.	architecture	arch_knowledge_graph_case_base	pending_extraction	classified_from_full_text_rationale	classification pass: persistent Tree-Sitter codebase knowledge graph
I051	FT0062	TA01060	D01060	CoEvoSkills: Self-Evolving Agent Skills via Co-Evolutionary Verification	2026	Hanrong Zhang; Shichen Fan; Henry Peng Zou; Yankai Chen; Zhenting Wang; Jiayuan Zhou; Chengze Li; Wei-Chieh Huang; Yifei Yao; Kening Zheng; Xue Liu; Xiaoxiao Li; Philip S. Yu			2604.01687	citations	search/results-citations.json	forward | forward_from=xia2025livesweagent	ok	search/full-texts/pdf/FT0062_TA01060_coevoskills-self-evolving-agent-skills-via-co-evolutionary-verification.pdf	search/full-texts/text/FT0062_TA01060_coevoskills-self-evolving-agent-skills-via-co-evolutionary-verification.txt	Full text describes CoEvoSkills constructing persistent multi-file skill packages for Claude Code and Codex, accumulating verifier feedback across iterations and transferring evolved reusable task structures to fresh coding-agent runs.	architecture	arch_skill_rule_library	pending_extraction	classified_from_full_text_rationale	classification pass: persistent multi-file skill packages for coding agents
I052	FT0153	TA01075	D01075	Complementary Reinforcement Learning	2026	Dilxat Muhtar; Jiashun Liu; Wei Gao; Weixun Wang; Shaopan Xiong; Ju Huang; Siran Yang; Wenbo Su; Jiamang Wang; Ling Pan; Bo Zheng			2603.17621	citations	search/results-citations.json	forward | forward_from=ouyang2026reasoningbank	ok	search/full-texts/pdf/FT0153_TA01075_complementary-reinforcement-learning.pdf	search/full-texts/text/FT0153_TA01075_complementary-reinforcement-learning.txt	Full text proposes Complementary RL with a MemoryManager and evolving experience bank that distills, merges, retrieves, and reuses structured experience across tasks, with quantitative evaluation on SWE-Bench and other environments.	architecture	arch_experience_bank	pending_extraction	classified_from_full_text_rationale	classification pass: MemoryManager and evolving experience bank
I053	FT0149	TA00744	D00744	Controlled Self-Evolution for Algorithmic Code Optimization	2026		arXiv	10.48550/arXiv.2601.07348	2601.07348	arxiv_chunk	search/arxiv-query-chunk-results.tsv	cs.CL;cs.AI;cs.NE	ok	search/full-texts/pdf/FT0149_TA00744_controlled-self-evolution-for-algorithmic-code-optimization.pdf	search/full-texts/text/FT0149_TA00744_controlled-self-evolution-for-algorithmic-code-optimization.txt	Full text proposes Controlled Self-Evolution for algorithmic code optimization with Hierarchical Evolution Memory, including local intra-task lessons and global cross-task experience templates retrieved from a vector database, evaluated on EffiBench-X.	architecture	arch_experience_bank	pending_extraction	classified_from_full_text_rationale	classification pass: hierarchical evolution memory with global experience templates
I054	FT0063	TA01090	D01090	CORAL: Towards Autonomous Multi-Agent Evolution for Open-Ended Discovery	2026	Ao Qu; Handi Zheng; Zijian Zhou; Yihao Yan; Yihong Tang; S. Y. Ong; Fenglu Hong; Kai-Qing Zhou; Chonghe Jiang; Minwei Kong; Jiacheng Zhu; Xuan Jiang; Sirui Li; Cathy Wu; Bryan Kian Hsiang Low; Jinhua Zhao; P. Liang			2604.01658	citations	search/results-citations.json	forward | forward_from=ouyang2026reasoningbank	ok	search/full-texts/pdf/FT0063_TA01090_coral-towards-autonomous-multi-agent-evolution-for-open-ended-discovery.pdf	search/full-texts/text/FT0063_TA01090_coral-towards-autonomous-multi-agent-evolution-for-open-ended-discovery.txt	Full text describes CORAL using shared persistent memory where agents retrieve, contribute, and distill notes and reusable skills across asynchronous open-ended optimization tasks, including systems/kernel optimization evaluation and memory ablations.	architecture	arch_shared_memory	pending_extraction	classified_from_full_text_rationale	classification pass: shared persistent notes/skills across asynchronous agents
I055	FT0064	TA01109	D01109	DARWIN: Dynamic Agentically Rewriting Self-Improving Network	2026	Henry Jiang		10.48550/arxiv.2602.05848	2602.05848	citations	search/results-citations.json	forward | forward_from=zhang2025darwingodel	ok	search/full-texts/pdf/FT0064_TA01109_darwin-dynamic-agentically-rewriting-self-improving-network.pdf	search/full-texts/text/FT0064_TA01109_darwin-dynamic-agentically-rewriting-self-improving-network.txt	Full text describes DARWIN using persistent JSON memory files to track prior reasoning, file hierarchy, code changes, and summaries across self-improvement generations of training-code optimization, with benchmarked MFU/perplexity outcomes and a memory ablation.	architecture	arch_self_evolution_archive	pending_extraction	classified_from_full_text_rationale	classification pass: persistent JSON memories across training-code self-improvement generations
I056	FT0140	TA00422	D00422	Decocted Experience Improves Test-Time Inference in LLM Agents	2026	Maohao Shen; Kaiwen Zha; Zexue He; Zhang-Wei Hong; Siru Ouyang; J. Ryu; P. Sattigeri; Suhas N. Diggavi; Gregory W. Wornell	arXiv	10.48550/arXiv.2604.04373	2604.04373	arxiv_chunk; citations	search/arxiv-query-chunk-results.tsv; search/results-citations.json	cs.AI;cs.LG; forward | forward_from=ouyang2026reasoningbank	ok	search/full-texts/pdf/FT0140_TA00422_decocted-experience-improves-test-time-inference-in-llm-agents.pdf	search/full-texts/text/FT0140_TA00422_decocted-experience-improves-test-time-inference-in-llm-agents.txt	Full text studies experience-augmented agents with raw, lesson-distilled, consolidated, and concept-tree memory built from past interactions; it includes a SWE-agent/SWE-bench setting using stored debugging experiences and evaluates retrieval/consolidation effects on SWE-bench Verified.	architecture	arch_experience_bank	pending_extraction	classified_from_full_text_rationale	classification pass: raw/distilled/consolidated/concept-tree experience memory
I057	FT0125	TA00187	D00187	DockSmith: Scaling Reliable Coding Environments via an Agentic Docker Builder	2026		arXiv	10.48550/arXiv.2602.00592	2602.00592	arxiv_chunk	search/arxiv-query-chunk-results.tsv	cs.AI;cs.SE	ok	search/full-texts/pdf/FT0125_TA00187_docksmith-scaling-reliable-coding-environments-via-an-agentic-docker-builder.pdf	search/full-texts/text/FT0125_TA00187_docksmith-scaling-reliable-coding-environments-via-an-agentic-docker-builder.txt	Full text describes an agentic Docker-building pipeline with a global/cross-task success memory pool of verified environment solutions reused across repository-level environment-construction tasks, with Multi-Docker-Eval and downstream SWE/Terminal benchmark evaluation.	architecture	arch_experience_bank	pending_extraction	classified_from_full_text_rationale	classification pass: global cross-task success memory pool for Docker environments
I058	FT0128	TA00230	D00230	DomAgent: Leveraging Knowledge Graphs and Case-Based Reasoning for Domain-Specific Code Generation	2026		arXiv	10.48550/arXiv.2603.21430	2603.21430	arxiv_chunk	search/arxiv-query-chunk-results.tsv	cs.AI;cs.SE	ok	search/full-texts/pdf/FT0128_TA00230_domagent-leveraging-knowledge-graphs-and-case-based-reasoning-for-domain-specifi.pdf	search/full-texts/text/FT0128_TA00230_domagent-leveraging-knowledge-graphs-and-case-based-reasoning-for-domain-specifi.txt	Full text proposes DomAgent for domain-specific code generation with knowledge-graph retrieval and case-based reasoning over stored code cases, evaluated on DS-1000 and real-world truck software-development code-generation tasks with ablations.	architecture	arch_knowledge_graph_case_base	pending_extraction	classified_from_full_text_rationale	classification pass: knowledge graph retrieval and case-based reasoning over stored code cases
I059	FT0035	TA00171	D00171	EET: Experience-Driven Early Termination for Cost-Efficient Software Engineering Agents	2026		arXiv	10.48550/arXiv.2601.05777	2601.05777	arxiv_chunk	search/arxiv-query-chunk-results.tsv	cs.SE	ok	search/full-texts/pdf/FT0035_TA00171_eet-experience-driven-early-termination-for-cost-efficient-software-engineering.pdf	search/full-texts/text/FT0035_TA00171_eet-experience-driven-early-termination-for-cost-efficient-software-engineering.txt	Full text describes EET distilling historical issue-resolution executions into an experience base retrieved for later software-engineering agent decisions, with SWE-bench Verified evaluation.	architecture	arch_experience_bank	yes_prefilled_prior	classified_from_prior_prefill_recheck_required	prior extraction match: guo2026eet; role/type prefilled from extraction/extracted-data.tsv and must be rechecked for current search. | classification pass: prior exact-title match; issue-resolution experience base for early termination
I060	FT0065	TA01154	D01154	EffiSkill: Agent Skill Based Automated Code Efficiency Optimization	2026	Zimu Wang; Yuling Shi; Mengfan Li; Zijun Liu; Jie M. Zhang; Chengcheng Wan; Xiaodong Gu			2603.27850	citations	search/results-citations.json	forward | forward_from=chen2025sweexp	ok	search/full-texts/pdf/FT0065_TA01154_effiskill-agent-skill-based-automated-code-efficiency-optimization.pdf	search/full-texts/text/FT0065_TA01154_effiskill-agent-skill-based-automated-code-efficiency-optimization.txt	Full text describes EffiSkill mining reusable optimization skills from slow/fast program pairs, storing them in a portable skill library, and retrieving/applying them in LLM-based code-efficiency optimization agents on unseen programs.	architecture	arch_skill_rule_library	pending_extraction	classified_from_full_text_rationale	classification pass: portable library of reusable code optimization skills
I061	FT0055	TA00483	D00483	FailureMem: A Failure-Aware Multimodal Framework for Autonomous Software Repair	2026		arXiv	10.48550/arXiv.2603.17826	2603.17826	arxiv_chunk	search/arxiv-query-chunk-results.tsv	cs.SE;cs.AI	ok	search/full-texts/pdf/FT0055_TA00483_failuremem-a-failure-aware-multimodal-framework-for-autonomous-software-repair.pdf	search/full-texts/text/FT0055_TA00483_failuremem-a-failure-aware-multimodal-framework-for-autonomous-software-repair.txt	Full text describes FailureMem storing historical repair trajectories in a hierarchical failure memory bank and retrieving them as reusable guidance for multimodal automated program repair on SWE-bench Multimodal.	architecture	arch_experience_bank	pending_extraction	classified_from_full_text_rationale	classification pass: hierarchical failure memory bank for repair trajectories
I062	FT0058	TA00632	D00632	Group-Evolving Agents: Open-Ended Self-Improvement via Experience Sharing	2026	Zhaotian Weng; Antonis Antoniades; Deepak Nathani; Zhen Zhang; Xiao Pu; Xin Eric Wang	arXiv	10.48550/arXiv.2602.04837	2602.04837	arxiv_chunk; citations	search/arxiv-query-chunk-results.tsv; search/results-citations.json	cs.AI; forward | forward_from=zhang2025darwingodel	ok	search/full-texts/pdf/FT0058_TA00632_group-evolving-agents-open-ended-self-improvement-via-experience-sharing.pdf	search/full-texts/text/FT0058_TA00632_group-evolving-agents-open-ended-self-improvement-via-experience-sharing.txt	Full text describes Group-Evolving Agents maintaining an archive and sharing evolutionary traces, patches, logs, outcomes, and learned artifacts across parent and offspring coding agents, with SWE-bench Verified and Polyglot evaluation.	architecture	arch_self_evolution_archive	pending_extraction	classified_from_full_text_rationale	classification pass: archive and shared evolutionary traces across coding agents
I063	FT0124	TA00184	D00184	KAPSO: A Knowledge-grounded framework for Autonomous Program Synthesis and Optimization	2026		arXiv	10.48550/arXiv.2601.21526	2601.21526	arxiv_chunk	search/arxiv-query-chunk-results.tsv	cs.AI;cs.CL;cs.SE	ok	search/full-texts/pdf/FT0124_TA00184_kapso-a-knowledge-grounded-framework-for-autonomous-program-synthesis-and-optimi.pdf	search/full-texts/text/FT0124_TA00184_kapso-a-knowledge-grounded-framework-for-autonomous-program-synthesis-and-optimi.txt	Full text proposes KAPSO, an autonomous program synthesis and optimization framework with a cognitive memory layer that stores reusable lessons from experiment traces and retrieves them across program-optimization tasks, evaluated on MLE-Bench and ALE-Bench.	architecture	arch_experience_bank	yes_prefilled_prior	classified_from_prior_prefill_recheck_required	prior extraction match: nadafian2026kapso; role/type prefilled from extraction/extracted-data.tsv and must be rechecked for current search. | classification pass: prior exact-title match; cognitive memory from experiment traces
I064	FT0038	TA00200	D00200	KernelBlaster: Continual Cross-Task CUDA Optimization via Memory-Augmented In-Context Reinforcement Learning	2026		arXiv	10.48550/arXiv.2602.14293	2602.14293	arxiv_chunk	search/arxiv-query-chunk-results.tsv	cs.LG;cs.AI	ok	search/full-texts/pdf/FT0038_TA00200_kernelblaster-continual-cross-task-cuda-optimization-via-memory-augmented-in-con.pdf	search/full-texts/text/FT0038_TA00200_kernelblaster-continual-cross-task-cuda-optimization-via-memory-augmented-in-con.txt	Full text describes KernelBlaster using a persistent CUDA knowledge base that accumulates optimization experience for future CUDA kernel tasks, with a profile-guided evaluation pipeline.	architecture	arch_structured_knowledge_base	yes_prefilled_prior	classified_from_prior_prefill_recheck_required	prior extraction match: dong2026kernelblaster; role/type prefilled from extraction/extracted-data.tsv and must be rechecked for current search. | classification pass: prior exact-title match; persistent CUDA optimization knowledge base
I065	FT0059	TA00760	D00760	KernelSkill: A Multi-Agent Framework for GPU Kernel Optimization	2026		arXiv	10.48550/arXiv.2603.10085	2603.10085	arxiv_chunk	search/arxiv-query-chunk-results.tsv	cs.LG;cs.AI;cs.MA	ok	search/full-texts/pdf/FT0059_TA00760_kernelskill-a-multi-agent-framework-for-gpu-kernel-optimization.pdf	search/full-texts/text/FT0059_TA00760_kernelskill-a-multi-agent-framework-for-gpu-kernel-optimization.txt	Full text describes KernelSkill's two-level memory architecture: a retrievable long-term kernel-optimization knowledge memory reused across kernels and a short-term trajectory memory updated across refinement rounds, with KernelBench evaluation and memory ablations.	architecture	arch_experience_bank	pending_extraction	classified_from_full_text_rationale	classification pass: two-level long-term knowledge and short-term trajectory memory
I066	FT0137	TA00401	D00401	Large Language Model-Powered Evolutionary Code Optimization on a Phylogenetic Tree	2026		arXiv	10.48550/arXiv.2601.14523	2601.14523	arxiv_chunk	search/arxiv-query-chunk-results.tsv	cs.AI;cs.LG	ok	search/full-texts/pdf/FT0137_TA00401_large-language-model-powered-evolutionary-code-optimization-on-a-phylogenetic-tr.pdf	search/full-texts/text/FT0137_TA00401_large-language-model-powered-evolutionary-code-optimization-on-a-phylogenetic-tr.txt	Full text proposes PhyloEvolve, a GPU code-optimization agent system with persistent phylogenetic trees and an elite pool that store trajectories, high-performing variants, reusable modifications, and failure patterns for cross-lineage reuse across scientific-code optimization tasks.	architecture	arch_self_evolution_archive	pending_extraction	classified_from_full_text_rationale	classification pass: persistent phylogenetic trees and elite pool for code optimization
I067	FT0154	TA01331	D01331	LatentMem: Customizing Latent Memory for Multi-Agent Systems	2026	Muxin Fu; Guibin Zhang; Xiangyuan Xue; Yafu Li; Zefeng He; Siyuan Huang; Xiaoye Qu; Yu Cheng; Yang Yang		10.48550/arxiv.2602.03036	2602.03036	citations	search/results-citations.json	forward | forward_from=tang2025agentkb	ok	search/full-texts/pdf/FT0154_TA01331_latentmem-customizing-latent-memory-for-multi-agent-systems.pdf	search/full-texts/text/FT0154_TA01331_latentmem-customizing-latent-memory-for-multi-agent-systems.txt	Full text proposes LatentMem, a multi-agent memory framework with an experience bank storing raw historical trajectories and a learnable memory composer that retrieves and distills them for future tasks, evaluated on coding benchmarks including KodCode and BigCodeBench.	architecture	arch_experience_bank	pending_extraction	classified_from_full_text_rationale	classification pass: experience bank plus memory composer for multi-agent tasks
I068	FT0044	TA00235	D00235	Learning to Commit: Generating Organic Pull Requests via Online Repository Memory	2026	Mo Li; L. H. Xu; Qitai Tan; Ting Cao; Yunxin Liu	arXiv	10.48550/arXiv.2603.26664	2603.26664	arxiv_chunk; citations	search/arxiv-query-chunk-results.tsv; search/results-citations.json	cs.SE;cs.CL; forward | forward_from=du2026memory;shen2026structurally;wang2025repositorymemory;zhu2026swecontextbench	ok	search/full-texts/pdf/FT0044_TA00235_learning-to-commit-generating-organic-pull-requests-via-online-repository-memory.pdf	search/full-texts/text/FT0044_TA00235_learning-to-commit-generating-organic-pull-requests-via-online-repository-memory.txt	Full text describes Online Repository Memory that learns reusable skills from chronological historical commits and evaluates future pull-request generation on held-out later repository changes.	architecture	arch_repository_memory	pending_extraction	classified_from_full_text_rationale	classification pass: online repository memory from chronological historical commits
I069	FT0056	TA00486	D00486	MEMCoder: Multi-dimensional Evolving Memory for Private-Library-Oriented Code Generation	2026		arXiv	10.48550/arXiv.2604.24222	2604.24222	arxiv_chunk	search/arxiv-query-chunk-results.tsv	cs.SE;cs.AI;cs.CL	ok	search/full-texts/pdf/FT0056_TA00486_memcoder-multi-dimensional-evolving-memory-for-private-library-oriented-code-gen.pdf	search/full-texts/text/FT0056_TA00486_memcoder-multi-dimensional-evolving-memory-for-private-library-oriented-code-gen.txt	Full text describes MEMCoder using multi-dimensional evolving task-level and API-level memory that is updated from execution feedback and reused for private-library-oriented code generation on NdonnxEval and NumbaEval.	architecture	arch_repository_memory	pending_extraction	classified_from_full_text_rationale	classification pass: task-level and API-level evolving memory for private libraries
I070	FT0139	TA00417	D00417	MemCollab: Cross-Agent Memory Collaboration via Contrastive Trajectory Distillation	2026	Yurui Chang; Yiran Wu; Qingyun Wu; Luxi Lin	arXiv	10.48550/arXiv.2603.23234	2603.23234	arxiv_chunk; citations	search/arxiv-query-chunk-results.tsv; search/results-citations.json	cs.AI;cs.LG; forward | forward_from=ouyang2026reasoningbank	ok	search/full-texts/pdf/FT0139_TA00417_memcollab-cross-agent-memory-collaboration-via-contrastive-trajectory-distillati.pdf	search/full-texts/text/FT0139_TA00417_memcollab-cross-agent-memory-collaboration-via-contrastive-trajectory-distillati.txt	Full text proposes MemCollab, a shared cross-agent memory framework that distills reusable guidance from contrasted trajectories and retrieves it for future inference, with quantitative evaluation on code-generation benchmarks including MBPP and HumanEval.	architecture	arch_shared_memory	pending_extraction	classified_from_full_text_rationale	classification pass: shared cross-agent memory distilled from contrasted trajectories
I071	FT0036	TA00173	D00173	MemGovern: Enhancing Code Agents through Learning from Governed Human Experiences	2026	Qihao Wang; Ziming Cheng; Shuo Zhang; Fan Liu; Rui Xu; Heng Lian; Kunyi Wang; Xiaomin Yu; Jianghao Yin; Sen Hu; Yue Hu; Shaolei Zhang; Yanbing Liu; Ronghao Chen; Huacan Wang	arXiv	10.48550/arXiv.2601.06789	2601.06789	arxiv_chunk; citations	search/arxiv-query-chunk-results.tsv; search/results-citations.json	cs.SE;cs.AI; forward | forward_from=chen2025sweexp;mu2025experepair	ok	search/full-texts/pdf/FT0036_TA00173_memgovern-enhancing-code-agents-through-learning-from-governed-human-experiences.pdf	search/full-texts/text/FT0036_TA00173_memgovern-enhancing-code-agents-through-learning-from-governed-human-experiences.txt	Full text describes MemGovern transforming cross-repository human debugging experience into governed experience cards and an agentic experience-search memory for code agents, with SWE-bench Verified evaluation.	architecture	arch_experience_bank	yes_prefilled_prior	classified_from_prior_prefill_recheck_required	prior extraction match: wang2026memgovern; role/type prefilled from extraction/extracted-data.tsv and must be rechecked for current search. | classification pass: prior exact-title match; governed experience cards for code agents
I072	FT0043	TA00218	D00218	Memory for Autonomous LLM Agents:Mechanisms, Evaluation, and Emerging Frontiers	2026		arXiv	10.48550/arXiv.2603.07670	2603.07670	arxiv_chunk	search/arxiv-query-chunk-results.tsv	cs.AI	ok	search/full-texts/pdf/FT0043_TA00218_memory-for-autonomous-llm-agents-mechanisms-evaluation-and-emerging-frontiers.pdf	search/full-texts/text/FT0043_TA00218_memory-for-autonomous-llm-agents-mechanisms-evaluation-and-emerging-frontiers.txt	Full text is an analytical survey that formalizes agent memory as a write-manage-read loop, provides a taxonomy and benchmark comparison, and explicitly covers software-engineering/coding-agent memory.	contextual_survey	contextual_not_applicable	not_applicable_contextual	classified_from_prior_prefill_recheck_required	prior extraction match: du2026memory; role/type prefilled from extraction/extracted-data.tsv and must be rechecked for current search. | classification pass: prior exact-title match; analytical autonomous-agent memory survey
I073	FT0048	TA00266	D00266	Memory Transfer Learning: How Memories are Transferred Across Domains in Coding Agents	2026	Kangsan Kim; Min-Bong Kang; Taeil Kim; Yanlai Yang; Mengye Ren; Sung Ju Hwang	arXiv	10.48550/arXiv.2604.14004	2604.14004	arxiv_chunk; citations	search/arxiv-query-chunk-results.tsv; search/results-citations.json	cs.AI;cs.CL; forward | forward_from=chen2025sweexp;ouyang2026reasoningbank;tang2025agentkb	ok	search/full-texts/pdf/FT0048_TA00266_memory-transfer-learning-how-memories-are-transferred-across-domains-in-coding-a.pdf	search/full-texts/text/FT0048_TA00266_memory-transfer-learning-how-memories-are-transferred-across-domains-in-coding-a.txt	Full text evaluates Memory Transfer Learning for coding agents, using unified memory pools from heterogeneous coding domains and measuring cross-domain transfer across six coding benchmarks.	architecture	arch_experience_bank	pending_extraction	classified_from_full_text_rationale	classification pass: unified memory pools for cross-domain coding transfer
I074	FT0077	TA00824	D00824	ODEL: An Experience-Augmented Self-Evolving Framework for Efficient Python-to-C++ Code Translation	2026	Feng K.	Applied Sciences Switzerland	10.3390/app16031506		scopus	search/scopus-results-family-c-strong-memory-se.json	family_c_strong_memory_se; Article	ok	search/full-texts/pdf/FT0077_TA00824_odel-an-experience-augmented-self-evolving-framework-for-efficient-python-to-c-c.pdf	search/full-texts/text/FT0077_TA00824_odel-an-experience-augmented-self-evolving-framework-for-efficient-python-to-c-c.txt	Full text describes structured experience records generated after verification failures, accumulated and reused across later Python-to-C++ translation phases, with HumanEval-X evaluation and reported Pass@k improvements.	architecture	arch_experience_bank	pending_extraction	classified_from_full_text_rationale	classification pass: structured experience records for Python-to-C++ translation
I075	FT0158	TA01465	D01465	On the Impact of AGENTS.md Files on the Efficiency of AI Coding Agents	2026	Jai Lal Lulla; Seyedmoein Mohsenimofidi; Matthias Galster; Jie M. Zhang; Sebastian Baltes; Christoph Treude		10.48550/arxiv.2601.20404	2601.20404	citations	search/results-citations.json	backward+forward | forward_from=guo2026eet | backward_from=vasilopoulos2026codified	ok	search/full-texts/pdf/FT0158_TA01465_on-the-impact-of-agents-md-files-on-the-efficiency-of-ai-coding-agents.pdf	search/full-texts/text/FT0158_TA01465_on-the-impact-of-agents-md-files-on-the-efficiency-of-ai-coding-agents.txt	Full text empirically studies persistent repository-level AGENTS.md instruction files in AI coding-agent runs over 124 GitHub pull-request tasks, measuring token use and wall-clock time; this fits the documented human-curated artifact exception because it evaluates impact on coding-agent performance.	contextual_human_artifact	contextual_not_applicable	not_applicable_contextual	classified_from_full_text_rationale	classification pass: empirical study of human-authored AGENTS.md persistence artifacts
I076	FT0049	TA00274	D00274	OpenGame: Open Agentic Coding for Games	2026		arXiv	10.48550/arXiv.2604.18394	2604.18394	arxiv_chunk	search/arxiv-query-chunk-results.tsv	cs.SE	ok	search/full-texts/pdf/FT0049_TA00274_opengame-open-agentic-coding-for-games.pdf	search/full-texts/text/FT0049_TA00274_opengame-open-agentic-coding-for-games.txt	Full text describes OpenGame's evolving Template Skill and Debug Skill, which accumulate reusable project skeletons and verified debugging protocols for web-game coding, with OpenGame-Bench evaluation.	architecture	arch_skill_rule_library	pending_extraction	classified_from_full_text_rationale	classification pass: evolving template and debug skills for web-game coding
I077	FT0039	TA00202	D00202	OpenSage: Self-programming Agent Generation Engine	2026		arXiv	10.48550/arXiv.2602.16891	2602.16891	arxiv_chunk	search/arxiv-query-chunk-results.tsv	cs.AI;cs.CR;cs.SE	ok	search/full-texts/pdf/FT0039_TA00202_opensage-self-programming-agent-generation-engine.pdf	search/full-texts/text/FT0039_TA00202_opensage-self-programming-agent-generation-engine.txt	Full text describes OpenSage with AI-created graph-based long-term memory managed by a dedicated memory agent, sharing high-level knowledge across tasks and evaluated on SWE-Bench Pro and other agent benchmarks.	architecture	arch_knowledge_graph_case_base	pending_extraction	classified_from_full_text_rationale	classification pass: graph-based long-term memory managed by memory agent
I078	FT0066	TA01485	D01485	Outcome-Conditioned Reasoning Distillation for Resolving Software Issues	2026	Chenglin Li; Yisen Xu; Zehao Wang; Shin Hwei Tan; Tse-Hsun Chen		10.48550/arxiv.2601.23257	2601.23257	citations	search/results-citations.json	forward | forward_from=mu2025experepair	ok	search/full-texts/pdf/FT0066_TA01485_outcome-conditioned-reasoning-distillation-for-resolving-software-issues.pdf	search/full-texts/text/FT0066_TA01485_outcome-conditioned-reasoning-distillation-for-resolving-software-issues.txt	Full text describes Outcome-Conditioned Reasoning Distillation transforming historical same-repository resolved issues and verified patches into reusable procedural guidance for software-issue repair, with SWE-Bench Lite evaluation and temporal-leakage controls.	architecture	arch_skill_rule_library	pending_extraction	classified_from_full_text_rationale	classification pass: procedural guidance distilled from historical resolved issues and patches
I079	FT0143	TA00485	D00485	Procedural Knowledge at Scale Improves Reasoning	2026	Di Wu; Devendra Singh Sachan; Wen-tau Yih; Mingda Chen	arXiv	10.48550/arXiv.2604.01348	2604.01348	arxiv_chunk; citations	search/arxiv-query-chunk-results.tsv; search/results-citations.json	cs.CL; forward | forward_from=ouyang2026reasoningbank	ok	search/full-texts/pdf/FT0143_TA00485_procedural-knowledge-at-scale-improves-reasoning.pdf	search/full-texts/text/FT0143_TA00485_procedural-knowledge-at-scale-improves-reasoning.txt	Full text proposes Reasoning Memory, an external procedural-knowledge datastore distilled from prior reasoning trajectories and retrieved at test time, with quantitative evaluation across math, science, and coding benchmarks including LiveCodeBench.	architecture	arch_experience_bank	pending_extraction	classified_from_full_text_rationale	classification pass: external procedural-knowledge datastore from prior trajectories
I080	FT0159	TA01555	D01555	ReCreate: Reasoning and Creating Domain Agents Driven by Experience	2026	Zhezheng Hao; Hong Wang; Jian Luo; Jianqing Zhang; Yuyan Zhou; Qiang Lin; Can Wang; Hande Dong; Jiawei Chen		10.48550/arxiv.2601.11100	2601.11100	citations	search/results-citations.json	forward | forward_from=xia2025livesweagent	ok	search/full-texts/pdf/FT0159_TA01555_recreate-reasoning-and-creating-domain-agents-driven-by-experience.pdf	search/full-texts/text/FT0159_TA01555_recreate-reasoning-and-creating-domain-agents-driven-by-experience.txt	Full text proposes ReCreate, an experience-driven framework that stores and retrieves task-agent trajectories, scaffold updates, tools, and static memory entries across iterations, with evaluation on SWE-Bench Verified, DA-Code, DS-1000, AppWorld, and other benchmarks.	architecture	arch_experience_bank	pending_extraction	classified_from_full_text_rationale	classification pass: experience-driven trajectories, scaffold updates, tools, and static memory
I081	FT0067	TA01586	D01586	REVERE: Reflective Evolving Research Engineer for Scientific Workflows	2026	Balaji Dinesh Gangireddi; Aniketh Garikaparthi; Manasi S. Patwardhan; A. Cohan			2603.20667	citations	search/results-citations.json	forward | forward_from=xia2025livesweagent;zhang2025darwingodel	ok	search/full-texts/pdf/FT0067_TA01586_revere-reflective-evolving-research-engineer-for-scientific-workflows.pdf	search/full-texts/text/FT0067_TA01586_revere-reflective-evolving-research-engineer-for-scientific-workflows.txt	Full text describes REVERE accumulating reusable heuristics, reflection history, and a persistent cheatsheet in a Global Training Context across research-coding tasks, with SUPER, ResearchCodeBench, and ScienceAgentBench evaluation.	architecture	arch_skill_rule_library	pending_extraction	classified_from_full_text_rationale	classification pass: persistent cheatsheet/global training context for research-coding tasks
I082	FT0068	TA01594	D01594	RuleFlow : Generating Reusable Program Optimizations with LLMs	2026	Avaljot Singh; Dushyant Bharadwaj; Stefanos Baziotis; Kaushik Varadharajan; Charith Mendis		10.48550/arxiv.2602.09051	2602.09051	citations	search/results-citations.json	forward | forward_from=zhang2025accelopt	ok	search/full-texts/pdf/FT0068_TA01594_ruleflow-generating-reusable-program-optimizations-with-llms.pdf	search/full-texts/text/FT0068_TA01594_ruleflow-generating-reusable-program-optimizations-with-llms.txt	Full text describes RuleFlow using an LLM-assisted optimization-discovery agent to convert discovered code optimizations into generalized reusable rewrite rules that accumulate over time and are applied to unseen programs, with PandasBench evaluation.	architecture	arch_skill_rule_library	pending_extraction	classified_from_full_text_rationale	classification pass: generalized reusable rewrite rules accumulated over time
I083	FT0069	TA01607	D01607	Scaling Teams or Scaling Time? Memory Enabled Lifelong Learning in LLM Multi-Agent Systems	2026	Shanglin Wu; Yuyang Luo; Yueqing Liang; Kaiwen Shi; Yanfang Ye; Ali Payani; Kai Shu			2604.03295	citations	search/results-citations.json	forward | forward_from=ouyang2026reasoningbank	ok	search/full-texts/pdf/FT0069_TA01607_scaling-teams-or-scaling-time-memory-enabled-lifelong-learning-in-llm-multi-agen.pdf	search/full-texts/text/FT0069_TA01607_scaling-teams-or-scaling-time-memory-enabled-lifelong-learning-in-llm-multi-agen.txt	Full text describes LLMA-Mem as a lifelong memory framework for multi-agent systems that distills procedural memories from episodic and transactive experience, supports cross-task reuse, and is evaluated on MultiAgentBench coding tasks.	architecture	arch_shared_memory	pending_extraction	classified_from_full_text_rationale	classification pass: lifelong procedural memory for multi-agent systems
I084	FT0160	TA01615	D01615	SE-Bench: Benchmarking Self-Evolution with Knowledge Internalization	2026	Jiarui Yuan; Tailin Jin; Weize Chen; Zeyuan Liu; Zhiyuan Liu; Maosong Sun		10.48550/arxiv.2602.04811	2602.04811	citations	search/results-citations.json	forward | forward_from=zhang2025darwingodel;ouyang2026reasoningbank	ok	search/full-texts/pdf/FT0160_TA01615_se-bench-benchmarking-self-evolution-with-knowledge-internalization.pdf	search/full-texts/text/FT0160_TA01615_se-bench-benchmarking-self-evolution-with-knowledge-internalization.txt	Full text proposes SE-Bench, a benchmark and empirical analysis for self-evolution through knowledge internalization on coding tasks, including memory-based baselines and quantitative evaluation of whether agents can reuse learned API knowledge without documentation.	contextual_benchmark	contextual_not_applicable	not_applicable_contextual	classified_from_full_text_rationale	classification pass: benchmark/empirical analysis for self-evolution and knowledge internalization
I085	FT0133	TA00303	D00303	SEVerA: Verified Synthesis of Self-Evolving Agents	2026		arXiv	10.48550/arXiv.2603.25111	2603.25111	arxiv_chunk	search/arxiv-query-chunk-results.tsv	cs.LG;cs.PL;cs.SE	ok	search/full-texts/pdf/FT0133_TA00303_severa-verified-synthesis-of-self-evolving-agents.pdf	search/full-texts/text/FT0133_TA00303_severa-verified-synthesis-of-self-evolving-agents.txt	Full text proposes SEVerA, a self-evolving verified-agent synthesis framework that maintains verified candidate agent programs and reuses execution traces/error diagnostics from training examples to synthesize improved agentic code, with evaluation on LLM-assisted Dafny program-verification benchmarks and other constrained tasks.	architecture	arch_self_evolution_archive	pending_extraction	classified_from_full_text_rationale	classification pass: verified candidate programs and reusable traces/diagnostics
I086	FT0132	TA00297	D00297	Software Self-Extension with SelfEvolve: an Agentic Architecture for Runtime Code Generation	2026		arXiv	10.48550/arXiv.2604.16314	2604.16314	arxiv_chunk	search/arxiv-query-chunk-results.tsv	cs.SE	ok	search/full-texts/pdf/FT0132_TA00297_software-self-extension-with-selfevolve-an-agentic-architecture-for-runtime-code.pdf	search/full-texts/text/FT0132_TA00297_software-self-extension-with-selfevolve-an-agentic-architecture-for-runtime-code.txt	Full text proposes SelfEvolve, a runtime code-generation architecture with a persistent knowledge base, functions repository, tool descriptors, and automated code reuse; accepted extensions are integrated for future requests and evaluated across 11 software self-extension tasks with baselines and ablation.	architecture	arch_skill_rule_library	pending_extraction	classified_from_full_text_rationale	classification pass: persistent knowledge base/functions repository/tool descriptors
I087	FT0040	TA00207	D00207	Structurally Aligned Subtask-Level Memory for Software Engineering Agents	2026	Kangning Shen; Jingyuan Zhang; Chenxi Sun; Wencong Zeng; Yang Yue	arXiv	10.48550/arXiv.2602.21611	2602.21611	arxiv_chunk; citations	search/arxiv-query-chunk-results.tsv; search/results-citations.json	cs.SE;cs.AI; forward | forward_from=chen2025sweexp;joshi2025swebenchcl;wang2025repositorymemory;xia2025livesweagent;mu2025experepair	ok	search/full-texts/pdf/FT0040_TA00207_structurally-aligned-subtask-level-memory-for-software-engineering-agents.pdf	search/full-texts/text/FT0040_TA00207_structurally-aligned-subtask-level-memory-for-software-engineering-agents.txt	Full text describes structurally aligned subtask-level memory that stores, retrieves, and incrementally updates reusable SWE-agent experience at subtask granularity, evaluated on SWE-bench Verified.	architecture	arch_experience_bank	yes_prefilled_prior	classified_from_prior_prefill_recheck_required	prior extraction match: shen2026structurally; role/type prefilled from extraction/extracted-data.tsv and must be rechecked for current search. | classification pass: prior exact-title match; subtask-level reusable SWE-agent memory
I088	FT0047	TA00247	D00247	SuperLocalMemory V3.3: The Living Brain -- Biologically-Inspired Forgetting, Cognitive Quantization, and Multi-Channel Retrieval for Zero-LLM Agent Memory Systems	2026		arXiv	10.48550/arXiv.2604.04514	2604.04514	arxiv_chunk	search/arxiv-query-chunk-results.tsv	cs.AI;cs.CL;cs.IR	ok	search/full-texts/pdf/FT0047_TA00247_superlocalmemory-v3-3-the-living-brain-biologically-inspired-forgetting-cognitiv.pdf	search/full-texts/text/FT0047_TA00247_superlocalmemory-v3-3-the-living-brain-biologically-inspired-forgetting-cognitiv.txt	Full text describes SuperLocalMemory as a persistent cross-session local memory system for AI coding agents, including code-graph support, lifecycle hooks, forgetting/consolidation, and retrieval/memory benchmarks.	architecture	arch_persistent_workspace_state	pending_extraction	classified_from_full_text_rationale	classification pass: cross-session local memory system with code graph and lifecycle hooks
I089	FT0037	TA00195	D00195	SWE Context Bench: A Benchmark for Context Learning in Coding	2026		arXiv	10.48550/arXiv.2602.08316	2602.08316	arxiv_chunk	search/arxiv-query-chunk-results.tsv	cs.SE;cs.AI	ok	search/full-texts/pdf/FT0037_TA00195_swe-context-bench-a-benchmark-for-context-learning-in-coding.pdf	search/full-texts/text/FT0037_TA00195_swe-context-bench-a-benchmark-for-context-learning-in-coding.txt	Full text describes SWE-ContextBench as a benchmark explicitly evaluating programming agents' ability to accumulate, retrieve, and reuse prior context/experience across related coding tasks.	contextual_benchmark	contextual_not_applicable	not_applicable_contextual	classified_from_full_text_rationale	classification pass: benchmark for accumulating/retrieving/reusing coding context
I090	FT0054	TA00478	D00478	TextBFGS: A Case-Based Reasoning Approach to Code Optimization via Error-Operator Retrieval	2026		arXiv	10.48550/arXiv.2602.00059	2602.00059	arxiv_chunk	search/arxiv-query-chunk-results.tsv	cs.LG;cs.AI	ok	search/full-texts/pdf/FT0054_TA00478_textbfgs-a-case-based-reasoning-approach-to-code-optimization-via-error-operator.pdf	search/full-texts/text/FT0054_TA00478_textbfgs-a-case-based-reasoning-approach-to-code-optimization-via-error-operator.txt	Full text describes TextBFGS maintaining and retaining a dynamic case base of historical error-to-operator correction trajectories for code optimization, with HumanEval and MBPP evaluation.	architecture	arch_knowledge_graph_case_base	pending_extraction	classified_from_full_text_rationale	classification pass: dynamic case base of error-to-operator correction trajectories
I091	FT0070	TA01747	D01747	Toward Autonomous Long-Horizon Engineering for ML Research	2026	Guoxing Chen; Jie Chen; Lei Chen; Jiale Zhao; Fanzheng Meng; Wayne Xin Zhao; Ruihua Song; Cheng Chen; Ji-Rong Wen; K. Jia			2604.13018	citations	search/results-citations.json	forward | forward_from=nadafian2026kapso	ok	search/full-texts/pdf/FT0070_TA01747_toward-autonomous-long-horizon-engineering-for-ml-research.pdf	search/full-texts/text/FT0070_TA01747_toward-autonomous-long-horizon-engineering-for-ml-research.txt	Full text describes AiScientist maintaining durable workspace state through File-as-Bus artifacts so engineering agents can resume from persisted analyses, plans, code, and experimental evidence across long-horizon ML engineering loops, with PaperBench and MLE-Bench Lite evaluation.	architecture	arch_persistent_workspace_state	pending_extraction	classified_from_full_text_rationale	classification pass: durable File-as-Bus workspace state across long-horizon ML engineering
I092	FT0051	TA00405	D00405	Traversal-as-Policy: Log-Distilled Gated Behavior Trees as Externalized, Verifiable Policies for Safe, Robust, and Efficient Agents	2026		arXiv	10.48550/arXiv.2603.05517	2603.05517	arxiv_chunk	search/arxiv-query-chunk-results.tsv	cs.LG;cs.AI;cs.CR;cs.SE	ok	search/full-texts/pdf/FT0051_TA00405_traversal-as-policy-log-distilled-gated-behavior-trees-as-externalized-verifiabl.pdf	search/full-texts/text/FT0051_TA00405_traversal-as-policy-log-distilled-gated-behavior-trees-as-externalized-verifiabl.txt	Full text describes Traversal-as-Policy distilling OpenHands execution logs into a persistent executable Gated Behavior Tree with experience-grounded gate updates, spine memory, and SWE-bench/OpenHands evaluation.	architecture	arch_skill_rule_library	yes_prefilled_prior	classified_from_prior_prefill_recheck_required	prior extraction match: li2026traversalaspolicy; role/type prefilled from extraction/extracted-data.tsv and must be rechecked for current search. | classification pass: prior exact-title match; executable Gated Behavior Tree policy memory
I093	FT0165	TA01818	D01818	When the Specification Emerges: Benchmarking Faithfulness Loss in Long-Horizon Coding Agents	2026	Lu Yan; Xuan Chen; Xiangyu Zhang			2603.17104	citations	search/results-citations.json	forward | forward_from=zhu2026swecontextbench	ok	search/full-texts/pdf/FT0165_TA01818_when-the-specification-emerges-benchmarking-faithfulness-loss-in-long-horizon-co.pdf	search/full-texts/text/FT0165_TA01818_when-the-specification-emerges-benchmarking-faithfulness-loss-in-long-horizon-co.txt	Full text introduces a long-horizon coding-agent benchmark for emergent specification tracking and evaluates ProjectGuard, an external project-state layer that persists semantic design commitments and structural codebase state across coding turns and proactive restarts, with quantitative Claude Code and Codex results.	architecture	arch_persistent_workspace_state	pending_extraction	classified_from_full_text_rationale	classification pass: ProjectGuard external project-state layer for semantic commitments/state
I094	FT0041	TA00208	D00208	Your Code Agent Can Grow Alongside You with Structured Memory	2026	Yingfei Deng; Xiaoqin Liu; Yi Zhang; Guowei Yang; Shuo Yang	arXiv	10.48550/arXiv.2603.13258	2603.13258	arxiv_chunk; citations	search/arxiv-query-chunk-results.tsv; search/results-citations.json	cs.LG;cs.AI;cs.SE; forward | forward_from=xia2025livesweagent	ok	search/full-texts/pdf/FT0041_TA00208_your-code-agent-can-grow-alongside-you-with-structured-memory.pdf	search/full-texts/text/FT0041_TA00208_your-code-agent-can-grow-alongside-you-with-structured-memory.txt	Full text describes MemCoder structuring historical human coding experience into long-term structured memory, retrieving it for later SWE-bench issue resolution, and crystallizing validated solutions into persistent memory.	architecture	arch_repository_memory	yes_prefilled_prior	classified_from_prior_prefill_recheck_required	prior extraction match: deng2026memcoder; role/type prefilled from extraction/extracted-data.tsv and must be rechecked for current search. | classification pass: prior exact-title match; structured memory from historical human coding experience
I095	FT0079	TA01595	D01595	S ELF -A DAPTING A GENTS FOR A UTOMATING R ESEARCH C ODING W ORKFLOWS		Balaji Dinesh Gangireddi; Aniketh Garikaparthi; Manasi Patwardhan; Arman Cohan				citations	search/results-citations.json	forward | forward_from=xia2025livesweagent;zhang2025darwingodel	ok	search/full-texts/pdf/FT0079_TA01595_s-elf-a-dapting-a-gents-for-a-utomating-r-esearch-c-oding-w-orkflows.pdf	search/full-texts/text/FT0079_TA01595_s-elf-a-dapting-a-gents-for-a-utomating-r-esearch-c-oding-w-orkflows.txt	Full text describes SARE as a research-coding agent with a persistent global training context and cumulative cheatsheet that stores reusable strategies across tasks, evaluated on SUPER, ResearchCodeBench, and ScienceAgentBench.	architecture	arch_skill_rule_library	pending_extraction	classified_from_full_text_rationale	classification pass: persistent global training context and cumulative cheatsheet for research coding
