id	authors	year	title	venue	venue_type	architecture_type	temporal_scope	representational_substrate	control_policy	storage_format	retrieval_method	memory_granularity	cross_agent_sharing	agent_framework	llm_used	autonomy_level	open_source	evaluation_method	benchmarks_used	performance_metrics	continual_learning_metrics	baseline_compared	input_tokens_per_task	output_tokens_per_task	memory_size_over_time	cost_per_task	token_reduction	reports_cost_data	main_result	performance_vs_baseline	cost_vs_baseline	negative_result	quality_score	limitations	validity_threats	gap_relevance
bui2026opendev	Nghi D. Q. Bui	2026	Building Effective AI Coding Agents for the Terminal: Scaffolding, Harness, Context Engineering, and Lessons Learned	arXiv preprint (2603.05344)	preprint	text_notes	hybrid	text_context	llm_self_control	ACE Playbook (bullets of learned strategies, scored by effectiveness + recency + semantic scoring, selected for injection into the system prompt) + Session Storage (full JSON transcripts with metadata, persisted per session for continuation) + Snapshot Manager (tracking of file operations via git for per-step undo).	hybrid	task	no	custom (OpenDev)	Model-agnostic (supports Anthropic, OpenAI, Google, Alibaba, etc. via per-workflow model binding with 5 model roles: action, thinking, critique, vision, compact)	interactive	yes	case_study	NR (mentions Terminal-Bench and LongCLI-Bench but does not formally evaluate)	NR	NR	NR (qualitatively compares with Claude Code, Goose, OpenCode, Crush, Aider, SWE-Agent, OpenHands)	NR	NR	Playbook grows with learnings; context compaction in 5 progressive stages (70%→99% utilization); prompt caching reduces input token cost by ~88%	NR	~88% input token reduction via prompt caching (Anthropic); context compaction in 5 stages (warning→masking→pruning→aggressive masking→full LLM summarization)	no	Technical report describing OpenDev, an open-source terminal-native agent in Rust with the ACE memory system (Playbook + Sessions), adaptive context compaction in 5 stages, 5 defense-in-depth security layers, and a multi-model architecture with per-workflow binding. No formal empirical evaluation.	NR	NR	no	2.0	No empirical evaluation on benchmarks; no quantitative comparison with other agents; the paper is a descriptive technical report; effectiveness of the ACE memory system not experimentally validated; single author	Lack of empirical evaluation makes claims unverifiable; comparisons with proprietary systems (Claude Code) based on external observation; design decisions justified by development experience but without ablations; generalization to different workflows untested	gap3_complexity
chen2025sweexp	Silin Chen, Shaoxin Lin, Yuling Shi, Heng Lian, Xiaodong Gu, Longfei Yun, Dong Chen, Lin Cao, Jiyang Liu, Nu Xia, Qianxiang Wang	2025	SWE-Exp: Experience-Driven Software Issue Resolution	arXiv preprint (2507.23361)	preprint	experience_bank	hybrid	structured	llm_self_control	Multi-facet Experience Bank in a vector database (Multilingual-E5-Large embeddings): each experience is a dictionary with issue_type (descriptive label, e.g. VariableReferenceError), description (conditions and scenarios), and perspective or modification (abstract insights). Comprehension experiences guide diagnosis (problem perspective); modification experiences guide safe code editing (repair strategies). Offline extraction via the Experiencer agent from successful and failed trajectories.	hybrid	task	yes	custom (extends SWE-Search with MCTS)	Claude 4 Sonnet (20250514), DeepSeek-V3-0324	autonomous	yes	benchmark	SWE-Bench Verified (500)	Pass@1 (%), Average Token Costs, Average API Costs ($), Average Wall Time	NR	Agentless, SWE-Agent, SWE-Search, OpenHands, EvoCoder, SAGE	203.3K avg tokens (SWE-Exp with DeepSeek-V3-0324)	NR	Fixed after offline construction of the experience bank; gain saturation at ~300 experiences (Figure 4b); performance plateaus with 1-2pp variation beyond that point	$0.13 avg per issue (DeepSeek-V3-0324)	NR (light overhead: 203.3K vs 189.1K tokens, +7.5%)	yes_detailed	SWE-Exp achieves 73.0% Pass@1 with Claude 4 Sonnet and 42.0% with DeepSeek-V3-0324 on SWE-bench Verified, surpassing all baselines. Comprehension and modification experiences contribute independently (+3.2% and +2.6%); experience extraction is the most critical component (-6.0% without it).	+2.2pp vs SWE-Search with Claude 4 Sonnet (73.0% vs 70.8%); +6.6pp vs SWE-Search with DeepSeek (42.0% vs 35.4%); +3.2pp vs SWE-Agent with DeepSeek (42.0% vs 38.8%); +4.2pp vs EvoCoder with DeepSeek (42.0% vs 38.0%)	$0.13 vs $0.12 per issue with DeepSeek (+8.3%); wall time 15min49s vs 12min37s (+25%); retrieval+rerank overhead 37.5s avg	yes	6.0	Effectiveness depends on the quality of extracted experiences; k>1 experiences degrade performance (42.0%→39.0% with k=4); evaluation only on Python projects; the Instructor may become over-dependent on experiences even when direct exploration would suffice	Single model per configuration (DeepSeek or Claude 4 Sonnet); SWE-bench may overlap with the LLM's training data; temporal leakage mitigated but residual (excludes same-repo + post-target); evaluation only on Python; experience quality assessed on a subset of 75 instances	gap2_cost
deng2026memcoder	Yi-Xuan Deng, Xiaoqin Liu, Yi Zhang, Guo-Wei Yang, Shuojin Yang	2026	Your Code Agent Can Grow Alongside You with Structured Memory	arXiv preprint (2603.13258)	preprint	experience_bank	hybrid	structured	llm_self_control	Vector database (FAISS) of memory entries structured as sextuples: (commit message o, code changes c, functional keywords k, problem description p, root-cause analysis r, summarized solution s). Built from historical commits via an LLM polisher (Defect Management theory). New entries are added via self-internalization of human-verified solutions.	hybrid	commit	no	openhands	DeepSeek-V3.2, GPT-5.2	autonomous	partial	benchmark	SWE-bench Verified (500)	Resolved rate (%), number of resolved issues	NR	OpenHands (Claude Opus 4.5, Claude Sonnet 4.5, GPT-5.2, Gemini 3 Pro), TRAE, DaubanCode, Live-SWE-agent, EPAM AI/Run, Atlassian Rover, ACoder, Warp	NR	NR	Grows monotonically with repository commits + internalized solutions; top-k retrieval controls exposure	NR	NR	no	MemCoder achieves 78.8% (pass@1) and 83.8% (pass@2) with GPT-5.2 on SWE-bench Verified, comparable to SOTA. With DeepSeek-V3.2, it reaches 77.8% vs 68.4% without memory (+9.4pp), showing that structured commit memory unlocks general-purpose models for complex SE.	+9.4pp vs no memory with DeepSeek-V3.2 (77.8% vs 68.4%); +3.4pp vs OpenHands+GPT-5.2 (78.8% vs ~74.4%); top-6 on the SWE-bench Verified leaderboard	NR	no	4.5	Evaluation only on SWE-bench Verified; depends on a rich commit history; memory quality limited by the LLM's distillation capability; retrieval overhead not quantified; ablation on a 200-instance subset	SWE-bench Verified as the only benchmark; DeepSeek-V3.2 and GPT-5.2 as the only models; memory built from commits of the same repository being evaluated (temporal leakage controlled but residual); cross-encoder reranker may introduce unreported latency	gap1_comparison
deshpande2025memtrack	Darshan Deshpande, Varun Gangal, Hersh Mehta, Anand Kannappan, Rebecca Qian, Peng Wang	2025	MemTrack: Evaluating Long-Term Memory and State Tracking in Multi-Platform Dynamic Agent Environments	NeurIPS 2025 Workshop: Scaling Environments for Agents (SEA)	workshop	NA	NA	NA	NA	NA — benchmark agnostic to the backend; evaluates Mem0 (ChromaDB, embeddings) and Zep (temporal knowledge graph) as memory components	NA	NA	NA	NA — evaluates agents with GPT-5 and Gemini-2.5-Pro + multi-platform tools (Slack, Linear, Git)	GPT-5, Gemini-2.5-Pro, GPT-4o-mini (embeddings for Mem0), GPT-4o (LLM-judge)	autonomous	yes	benchmark	MemTrack (47 curated instances, multi-platform: Slack, Linear, Git in a dockerized environment)	Correctness (LLM-judge), Efficiency (tool call count), Redundancy (tool call overlap), tool call entropy	NR	LLM+NoMem, LLM+Mem0, LLM+Zep (for GPT-5 and Gemini-2.5-Pro)	NR	NR	NA	NR	NR	no	Frontier LLMs such as GPT-5 reach only ~60% Correctness on MemTrack; memory components (Mem0, Zep) do not significantly improve performance and increase tool call redundancy (~21%). Performance degrades on follow-up questions.	GPT-5+Mem0 0.610 vs GPT-5+NoMem 0.601 (+1.5%); Gemini+Mem0 0.118 vs Gemini+NoMem 0.144 (-18%); Zep with no significant gain	NR	yes	4.5	Dataset limited to 47 instances; only two LLMs evaluated; Mem0 and Zep used with default configurations without optimization; simulated environment may not capture the full complexity of real workflows; no latency or cost evaluation	Only GPT-5 and Gemini-2.5-Pro tested; Mem0 and Zep with default configurations; LLM-as-judge (GPT-4o) for Correctness may introduce bias; simulated scenarios vs real enterprise workflows; 5 runs for statistical significance on a small dataset	gap1_comparison
dong2026kernelblaster	Kris Shengjun Dong, Sahil Modi, Dima Nikiforov, Sana Damani, Edward Lin, Siva Kumar Sastry Hari, Christos Kozyrakis	2026	KernelBlaster: Continual Cross-Task CUDA Optimization via Memory-Augmented In-Context Reinforcement Learning	arXiv preprint (2602.14293)	preprint	knowledge_graph	hybrid	structured	learned	Persistent CUDA Knowledge Base (~50KB JSON): hierarchy of performance states (memory-bound, compute-bound, hybrid) → lists of candidate optimizations with expected performance scores. Each entry ⟨state, (optimization, score)⟩. Updated via PolicyEvaluation (compares result vs prediction), PerfGapAnalysis (analyzes discrepancy), ParameterUpdate (rewrites the KB).	other	task	yes	custom	GPT-4.1, GPT-5.0	autonomous	yes	benchmark	KernelBench Level 1, Level 2, Level 3 (NVIDIA A6000, H100, L40S GPUs)	Geometric mean speedup, fast_p (% kernels with ≥r× speedup), ValidRate	NR	AI CUDA Engineer, IREE compiler, PyTorch (Eager + torch.compile), Kernelsseum (zero-shot), no_mem_agent (ablation)	NR	NR	~50KB Knowledge Base; grows with discovered states (~5.5 average states per kernel); accumulated optimizations ~60 unique after 8000 attempts	NR	2.4× fewer tokens than the minimal agent without a Knowledge Base	yes_partial	KernelBlaster achieves geometric mean speedups of 1.43×, 2.50× and 1.50× on KernelBench Level 1-3 vs PyTorch. The persistent Knowledge Base enables cross-task and cross-GPU transfer, with a 1.67× gain over the memoryless agent.	GeoMean 1.43× (L1), 2.50× (L2), 1.50× (L3) vs PyTorch; 1.67× vs no_mem_agent; surpasses AI CUDA Engineer in fast_p for moderate to high speedups	2.4× fewer tokens than the minimal agent without KB; KB reusable across GPUs (~50KB compact)	no	4.5	Evaluation limited to NVIDIA CUDA kernels; Level 3 has scaling challenges with single optimization per iteration; the Knowledge Base may be biased toward early entries; dependence on detailed NCU profiling for quality feedback	KernelBench as the only benchmark; specific NVIDIA GPUs (Ampere, Hopper, Ada); reward hacking possible even with correctness verification; comparison with AI CUDA Engineer under different evaluation conditions (models, hardware, test harness)	gap2_cost
du2026memory	Pengfei Du	2026	Memory for Autonomous LLM Agents: Mechanisms, Evaluation, and Emerging Frontiers	arXiv preprint (2603.07670)	preprint	NA	NA	NA	NA	NA — survey that proposes a three-dimensional taxonomy (temporal scope, representational substrate, control policy) and classifies 5 families of mechanisms: in-context compression, retrieval stores, reflective memory, hierarchical/virtual memory, and policy-learned memory	NA	NA	NA	NA — survey covers RAG, Reflexion, Generative Agents, Voyager, MemGPT, MemoryBank, ExpeL, ChatDB, AgeMem, among others	NA	NA	NA	NA	NA — analyzes LoCoMo, MemBench, MemoryAgentBench, MemoryArena as memory evaluation benchmarks	NA — proposes a 4-layer stack: task effectiveness, memory quality, efficiency, governance	NA	NA	NA	NA	NA	NA	NA	NA	Survey that formalizes agent memory as a write-manage-read loop coupled to the POMDP cycle. Proposes a taxonomy with 3 dimensions (temporal scope, representational substrate, control policy) and identifies consolidation, causal retrieval, reliable reflection, and learned forgetting as the most critical open challenges.	NA	NA	NA	2.5	No formal search/selection methodology for the survey; no original empirical data; coverage may be incomplete; comparative analysis based on qualitative descriptions of the systems	Article selection without a reproducible protocol; proposed taxonomy not empirically validated; conclusions about gaps based on qualitative observation of the field; single-author survey without formal peer review (preprint)	multiple
guo2026eet	Yaoqi Guo, Ying Xiao, Jie M. Zhang, Mark Harman, Yiling Lou, Yang Liu, Zhenpeng Chen	2026	EET: Experience-Driven Early Termination for Cost-Efficient Software Engineering Agents	arXiv preprint (2601.05777)	preprint	experience_bank	episodic	structured	llm_self_control	Structured experience objects (JSON: issue_id, task_description, execution_summary, evaluation_result, confidence, confidence_reason); abstractions of successful resolution trajectories stored in an experience base	tf_idf	task	no	custom (EET — agnostic plugin evaluated on top of Agentless, Mini-SWE-Agent, Trae Agent)	GPT-5-mini, DeepSeek-V3.2	autonomous	yes	benchmark	SWE-bench Verified (500 tasks; 207 from SWE-bench Lite for experience generation)	% Resolved, # API Calls, # Input Tokens, # Output Tokens, Total Cost ($)	NR	Agents without EET (Agentless, Mini-SWE-Agent, Trae Agent), Turn-control (Gao and Peng 2026), Naive-EET (RAG with raw trajectories)	Varies by agent: Agentless ~72K/task, Mini-SWE ~176K/task, Trae ~3.6M/task (without EET); average reduction of 29.9% with EET	Varies by agent: Agentless ~3.7K/task, Mini-SWE ~7.6K/task, Trae ~46.4K/task (without EET); average reduction of 25.1% with EET	Experiences generated from 207 SWE-bench Lite tasks; base fixed for evaluation (does not grow during testing)	Agentless GPT-5-mini: $0.028→$0.012/task (-55.1%); Trae GPT-5-mini: $0.324→$0.232/task (-28.2%); average -31.8% across 6 configurations	-29.9% input tokens, -25.1% output tokens, -20.8% API calls on average	yes_detailed	EET reduces total cost by 19.3-55.1% (average 31.8%) across 3 agents × 2 LLMs, with negligible loss in resolve rate (maximum 0.2%). Early termination identifies opportunities in 11.3% of issues on average.	+2.7% average resolve rate vs agents without EET; Agentless benefits most (+7.5% abs with GPT-5-mini)	-31.8% average total cost vs without EET; vs Turn-control: -31.8% vs -41.4% (Turn-control reduces cost more but degrades resolve rate by -10.7%)	no	5.5	Evaluation limited to SWE-bench Verified; reliance on historical data for cold start in new domains; cross-agent transferability untested; experiences are specific to each agent	SWE-bench Verified as the only benchmark; GPT-5-mini and DeepSeek-V3.2 as the only models; experiences generated from SWE-bench Lite may not represent real production issues; threshold tuning on the same dataset may overestimate gains	gap2_cost
hosain2025xolver	Md Tanzib Hosain, Salman Rahman, Md Kishor Morol, Md Rizwan Parvez	2025	Xolver: Multi-Agent Reasoning with Holistic Experience Learning Just Like an Olympiad Team	arXiv preprint (2506.14234)	preprint	hybrid	hybrid	text_context	llm_self_control	Dual memory: (1) Episodic memory D_E — external corpus of past problems with reasoning traces and solutions (OpenMathReason for math, cp-algorithms C++ for code), retrievable via BM25 or parametric LLM self-retrieval; updated with each solved problem (Xolver+). (2) Intermediate shared memory D_S — fixed-size dynamic buffer (|D_S|=m) holding the top-m tuples (reasoning trace T, response R, feedback (T_S, s), agent a) ranked by the Judge agent's score s; evolves at each intra-problem iteration.	hybrid	task	yes	custom (Xolver)	o3-mini-medium, o3-mini-high (proprietary OpenAI); QWQ-32B (open-weight)	autonomous	yes	benchmark	GSM8K, AIME 2024 (30 problems), AIME 2025 (30 problems), Math-500, LiveCodeBench v5	Accuracy (%), Pass@1	NR	LongCoT (direct backbone), Self-Reflexion, OctoTools, Search-o1, CheatSheet, CodeSim; proprietary models (o1, o3, o4-mini-high, Gemini 2.5 Pro/Flash); open-weight (DeepSeek-R1, Qwen3-235B); specialized (rStar-Math, AlphaOne, OpenMathReason, OpenCodeReason)	~45-135k total tokens per problem (input+think+output combined, varies by dataset and backbone; Figure 8)	NR (reported combined with input/think)	D_E grows monotonically with Xolver(+) cross-problem updates; D_S is a fixed-size per-problem buffer of size m (resets between problems); average gain of +3.5pp from dynamic episodic memory	NR	NR (~1.5× tokens vs Search-o1 single-agent, but with substantial performance gains)	yes_partial	Xolver with o3-mini-medium reaches 97.1% GSM8K, 93.8% AIME'24, 89.4% AIME'25, 99.2% Math-500 and 87.3% LiveCodeBench, consistently surpassing all baselines including specialized frameworks. With o3-mini-high it sets new SOTA: 98.1% GSM8K, 94.4% AIME'24, 93.7% AIME'25, 99.8% Math-500, 91.6% LiveCodeBench. Cross-problem episodic memory contributes +3.5pp on average.	+18.6pp AIME'24 avg vs o3-mini-medium LongCoT (93.8% vs 75.8%); +13.6pp AIME'25 (89.4% vs 75.8%); +21.0pp LiveCodeBench (87.3% vs 66.3%); surpasses o4-mini-high on AIME'24 (93.8% vs 93.4%) and LiveCodeBench (87.3% vs 69.5%)	~1.5× tokens vs Search-o1; update complexity O(mI) vs O(n²) of CheatSheet; runtime parallelizable across agents	no	5.5	High computational cost (~1.5× tokens of single-agent); dependent on backbone LLM quality; external retrieval corpus in C++ for Python tasks (cross-language); self-judging inferior to external judging (-9.9% code, -3.88% math); focus on math and competitive programming, with no evaluation on real SE	Math and competitive programming benchmarks may not generalize to real SE; 16-32 runs for variance but no formal confidence intervals; curated retrieval corpus (OpenMathReason, cp-algorithms) may not represent retrieval quality in other domains; comparison with proprietary models uses officially reported results	gap1_comparison
joshi2025swebenchcl	Thomas Joshi, Shayan Chowdhury, Fatih Uysal	2025	SWE-Bench-CL: Continual Learning for Coding Agents	arXiv preprint (2507.00014)	preprint	benchmark	episodic	vector	heuristic	FAISS vector index storing embeddings of task-attempt summaries (problem, solution, rationale, tool use, success status). Embeddings: OpenAI text-embedding-3-small or nomic-embed-text. Top-k retrieved and prepended to the prompt.	embeddings	task	no	swe_agent (LangGraph-based, inspired by SWE-agent, with ACI: Navigation/Search, File Viewing, Editing, Execution)	CodeLlama-13B, Gemma-3-12B, Mistral-7B (via Ollama), Gemini-2.0-Flash	autonomous	yes	benchmark	SWE-Bench-CL (273 tasks, 8 Python repositories, chronologically ordered with curriculum learning)	ACC, F (forgetting), FT (forward transfer), BWT (backward transfer), AULC, TUE (tool-use efficiency), CL-Score, CL-F_β, Pass rate	ACC, F, FT, BWT, AULC, TUE, CL-Score, CL-F_β (this paper DEFINES the CL metrics for coding agents)	memory-enabled vs memory-disabled agents (proposed protocol); standard SWE-bench harness (preliminary)	NR	NR	Grows linearly with processed tasks; no compaction or forgetting mechanism	NR	NR	no	Proposes SWE-Bench-CL, the first continual learning benchmark for coding agents (273 tasks, 8 repos). Defines a CL metric suite (ACC, F, FT, BWT, AULC, TUE, CL-F_β). Preliminary analysis reveals low inter-task similarity (Jaccard 0.11, cosine 0.18) and high sensitivity to prompt poisoning. The SWE-bench harness is incompatible with CL evaluation.	Preliminary, inconclusive: pass rates <8.5% with and without memory; the memory-enabled condition does not improve (garbage-in, garbage-out from harness incompatibility)	NR	yes	5.0	Only 8 Python repositories with up to 50 issues; difficulty estimated by human fix time (subjective); static sequence with curriculum ordering does not reflect real dynamics; full experiments are proposed but not carried out	Benchmark limited to Python; artificial curriculum ordering; proposed CL metrics not yet empirically validated at scale; SWE-bench harness incompatible with SWE-Bench-CL; preliminary models are relatively weak (7-13B)	gap1_comparison
li2026traversalaspolicy	Peiran Li, Jiashuo Sun, Fangzhou Lin, Shuo Xing, Tianfu Fu, Suofei Feng, Chaoqun Ni, Zhengzhong Tu	2026	Traversal-as-Policy: Log-Distilled Gated Behavior Trees as Externalized, Verifiable Policies for Safe, Robust, and Efficient Agents	arXiv preprint (2603.05517)	preprint	other	procedural	executable	heuristic	Gated Behavior Tree (GBT): single-rooted executable tree with 21 task-family roots. Each macro node = (NL description, coarse tags, risk_level, behavior_signature σ = (σ_disc, σ_cont), env_context pointer). Deterministic gates: RuleGates (code predicates over structured ctx) + ContentGates (frozen Llama-Guard-3-8B classifier, temp=0). Spine memory = compact sequence of visited macros as long-term state. Self-evolution (GBT-SE): local repair via analogical successes with regression testing preserving safety invariants.	other	subtask	no	openhands	GPT-4o (primary base model), Llama-3-8B, Qwen3-VL-8B-Thinking (executor decoupling); Llama-Guard-3-8B (ContentGate classifier)	autonomous	no	benchmark	SWE-bench Verified (500), WebArena (812), GPQA (448), AgentSafetyBench, AgentHarm (public), Agent Security Bench (ASB)	Success Rate (SR%), Coverage (Cov%), Violation Rate (Viol%), Unsafe Success (USucc%), Tok/Chars (thousands), AgentSafetyBench score, HarmScore, ASB metrics	NR	OpenHands CodeActAgent (gpt-4o native), +Global guardrail only, +GBT-Basic, +GBT-SE (progressive ablation ladder)	126k tokens avg (GBT-SE, SWE-bench Verified) vs 208k (native)	NR	GBT grows via self-evolution (new children, gates); spine memory is compact per-episode (visited macros only); the tree is a persistent cross-benchmark artifact	NR	-39% Tok (208k→126k) and -40% Chars (820k→490k) on SWE-bench Verified; -45% Tok (94k→52k) and -43% Chars (360k→205k) on WebArena	yes_partial	GBT-SE raises success rate from 34.6% to 73.6% on SWE-bench Verified and from 19.7% to 66.9% on WebArena, while reducing violations to 0.2% and unsafe success to 0.0%. Tokens reduced ~40%. With 8B executors (Qwen3-VL-8B), GBT more than triples success on SWE-bench (14.0%→58.8%), demonstrating decoupling between offline reasoning capacity and online execution.	+39.0pp SWE-bench (73.6% vs 34.6%); +47.2pp WebArena (66.9% vs 19.7%); +28.5pp GPQA (87.3% vs 58.7%); violations 2.8%→0.2% SWE-bench; unsafe success 1.2%→0.0%	Tok/Chars 208k/820k→126k/490k SWE-bench (-39%/-40%); 94k/360k→52k/205k WebArena (-45%/-43%); 8B executors viable with the same GBT artifact	no	5.5	Explicit coverage boundary: outside coverage (covered=0), GBT only guarantees primitive-level safety; log distillation may inherit biases from OpenHands trajectories; 21 fixed task families may not cover all domains; gates depend on structured ctx that may omit relevant state	GPT-4o as primary base model; GBT distilled from OpenHands logs may not transfer to other frameworks; deterministic safety gates over ctx may fail if ctx omits relevant fields; Protocol A evaluation (cross-benchmark distillation) may have residual semantic overlap; macro abstraction stability tested but not guaranteed for all scenarios	gap2_cost
lindenbauer2025ctimrover	Tobias Lindenbauer, Georg Groh, Hinrich Schütze	2025	From Knowledge to Noise: CTIM-Rover and the Pitfalls of Episodic Memory in Software Engineering Agents	arXiv preprint (2505.23422) / REALM Workshop ICML 2025	workshop	experience_bank	episodic	text_context	heuristic	CTIM items (textual rules distilled from successful trajectories via Knowledge Distillation with o1; general + repository-level) + exemplar trajectories (full trajectory text) stored in a Milvus index (Code-T5 embeddings)	embeddings	task	no	AutoCodeRover (extended with Reflexion)	GPT-4o (evaluation), o1 (knowledge distillation)	autonomous	yes	benchmark	SWE-bench Verified (subset: 401 train, 45 test)	Success rate (% instances resolved)	NR	AutoCodeRover (no CTIM), ablation configurations (CTIM only, General CTIM only, Repo-level CTIM only, Exemplar only)	NR	NR	Bounded by sqrt(n) constraint; CTIM grows sublinearly with the number of available trajectories	NR	NR	no	AutoCodeRover 42% vs CTIM-Rover 40% (best config); CTIM only degrades to 31%. Episodic memory introduces noise that degrades performance; noisy CTIM items steer the agent away from productive exploration.	-2pp vs baseline (40% vs 42%); CTIM only -11pp (31% vs 42%)	NR	yes	4.0	Small test sample (45 instances); ~10% of samples removed due to environment issues; KD limited to trajectory pairs; CTIM not filtered by relevance to the problem; embedding-based retrieval not investigated as a remedy for noise	SWE-bench subset may not be representative; AutoCodeRover as the sole framework; unbalanced repository distribution (django dominates train and test); GPT-4o may not be ideal for knowledge distillation	gap3_complexity
nadafian2026kapso	Alireza Nadafian, Alireza Mohammadshahi, Majid Yazdani	2026	KAPSO: A Knowledge-grounded framework for Autonomous Program Synthesis and Optimization	arXiv preprint (2601.21526)	preprint	hybrid	hybrid	hybrid	llm_self_control	Knowledge system: MediaWiki typed pages (Principle, Implementation, Environment, Heuristic) with a Neo4j graph index + Weaviate vector index, ingesting repos, docs, papers and web content from 2000+ sources. Cognitive memory: episodic store in a Weaviate vector DB with JSON fallback (trigger, lesson, recommended action, provenance for the experiment branch). Experimentation engine: isolated git branches with committed artifacts.	hybrid	task	not_applicable	custom (KAPSO: OrchestratorAgent + CodingAgent + SearchStrategy + ContextManager + KnowledgeSearch)	Gemini-2.5-pro	autonomous	partial	benchmark	MLE-Bench (Kaggle-style ML competitions), ALE-Bench (AtCoder heuristic contests, C++)	Medal rate (%), Private score, Final Performance (ELO), Rank Percentile (%), Total Cost ($)	NR	R&D-Agent, AIRA-dojo, ML-Master, AIDE (MLE-Bench); ALE-Agent, ALE Sequential, ALE one-shot (ALE-Bench)	NR	NR	Knowledge base is fixed (pre-built); episodic memory grows with executed experiments; CTIM items bounded by configurable capacity	ALE-Bench: $914.8 total (11 competitions) ≈ $83/competition; MLE-Bench: $200/task budget, 24h runtime	NR	yes_partial	MLE-Bench: 50.67% medal rate (vs 35.11% best open-source R&D-Agent, +15.56pp); ALE-Bench: ELO 1909.4, rank percentile 6.1% (vs ALE-Agent 1879.3, 6.8%) at 9% lower cost ($914.8 vs $1003.3).	+15.56pp medal rate vs R&D-Agent on MLE-Bench; +30.1 ELO vs ALE-Agent on ALE-Bench; advantage concentrated on Hard tasks (+17.78pp)	ALE-Bench: $914.8 vs $1003.3 ALE-Agent (-8.8%); MLE-Bench: fixed $200 budget does not allow direct comparison	no	5.5	Limited number of competitions in ALE-Bench introduces noise; variance across tasks; reliance on proprietary LLMs (Gemini); high cost per task; the knowledge package may have selection bias	MLE-Bench and ALE-Bench are ML/algorithm competitions, not traditional SE (bug fixing, code localization); Gemini-2.5-pro as the sole model; knowledge base built by the authors with potentially subjective selection criteria	gap1_comparison
qian2024iterative	Chen Qian, Jiahao Li, Yufan Dang, Wei Liu, YiFei Wang, Zihao Xie, Weize Chen, Cheng Yang, Yingli Zhang, Zhiyuan Liu, Maosong Sun	2024	Iterative Experience Refinement of Software-Developing Agents	arXiv preprint (2405.04219)	preprint	experience_bank	procedural	text_context	heuristic	Pool of shortcut experiences as key-value pairs: solution-to-instruction (instructive agent's knowledge) and instruction-to-solution (responsive agent's knowledge). Shortcuts are extracted from non-adjacent nodes in the execution chain. Embeddings via text-embedding-ada-002 for vector retrieval.	embeddings	subtask	yes	custom (extends ChatDev)	ChatGPT-3.5	autonomous	yes	benchmark	SRDD dataset (1200 software requirement descriptions, 40 categories, split into 6 batches)	Completeness (α), Executability (β), Consistency (γ), Quality (α×β×γ), Duration	NR	GPTEngineer, MetaGPT, ChatDev, ECL (Experiential Co-Learning)	NR	NR	Grows with batches; heuristic elimination shrinks it to 11.54% of the original pool (930 of 8053 experiences) while preserving superior performance	NR	NR	no	IER improves Quality from 0.4665 (ChatDev) to 0.6372 (IER-Successive), +36.6% relative. The cumulative pattern offers greater stability than successive; experience elimination reaches superior performance with only 11.54% of the original pool.	+36.6% Quality vs ChatDev (0.6372 vs 0.4665); +10.3% Quality vs ECL (0.6372 vs 0.5775); +11% Executability vs ECL (0.9146 vs 0.8643)	NR	no	4.0	Evaluation only with ChatGPT-3.5; custom metrics may not reflect real software quality; SRDD limited to simple software generation; no evaluation on standard benchmarks (SWE-bench); duration increases with IER (~180s vs ~148s ChatDev)	ChatGPT-3.5 as the sole model; Completeness/Executability/Consistency are automated proxies without human validation; SRDD generates simple software unrepresentative of real projects; ada-002 embeddings may not adequately capture semantic similarity of code	gap3_complexity
shen2025talm	Ming-Tung Shen, Yuh-Jzer Joung	2025	TALM: Dynamic Tree-Structured Multi-Agent Framework with Long-Term Memory for Scalable Code Generation	International Workshop on Agentic Engineering (AGENT 2026)	workshop	experience_bank	hybrid	hybrid	heuristic	Vector database with entries containing: task description, reasoning process, generated code, and tree depth metadata. Automatic consolidation: entries with similarity > 0.95 are merged by the LLM into a unified representative entry (shared problem descriptions + solution patterns + code); originals are removed to prevent uncontrolled growth. Retrieval: top-3 ANN search filtered by tree depth.	embeddings	subtask	yes	custom (TALM)	GPT-4o-mini, GPT-4o	autonomous	no	benchmark	HumanEval (164), BigCodeBench (1140), ClassEval (100)	Pass@1	NR	Direct Prompting, Chain-of-Thought (CoT), Self-Planning Prompting, Reflexion, MapCoder	NR (significantly lower than MapCoder per Figure 4)	NR	Grows with solved tasks; merge consolidation reduces redundancy (entries with sim > 0.95 are fused); gains emerge after ~30 tasks (Figure 5)	NR	~50% fewer tokens than MapCoder on ClassEval (Figure 4); marginal overhead with memory enabled vs without	yes_partial	TALM with memory reaches 92.55% HumanEval, 53.27% BigCodeBench and 38.00% ClassEval (class level) with GPT-4o, surpassing all baselines. Memory contributes most on complex tasks (BigCodeBench +2.14pp, ClassEval class +2.00pp). Structured tree decomposition with localized re-reasoning complements experience accumulation.	+3.17pp BigCodeBench vs Direct (53.27% vs 50.10% GPT-4o); +5.00pp ClassEval class vs Direct (38.00% vs 33.00%); +2.00pp ClassEval class vs MapCoder (38.00% vs 36.00%); ~50% fewer tokens than MapCoder	~50% fewer total tokens than MapCoder on ClassEval; marginal memory overhead vs TALM without memory	yes	4.5	Relatively small datasets (HumanEval 164, ClassEval 100); memory reset at each experimental round; only GPT-4o-mini and GPT-4o tested; only function/class-level generation, with no evaluation on real repositories (SWE-bench); fixed hyperparameters	Only OpenAI models (GPT-4o-mini, GPT-4o); HumanEval/ClassEval are function/class-level, not representative of real SE; memory reset between rounds does not reflect continuous accumulation; comparison with re-implemented MapCoder may differ from the original; ClassEval with 100 tasks may have high variance	gap3_complexity
shen2026structurally	Kangning Shen, Jingyuan Zhang, Chenxi Sun, Wencong Zeng, Yang Yue	2026	Structurally Aligned Subtask-Level Memory for Software Engineering Agents	arXiv preprint (2602.21611)	preprint	experience_bank	procedural	structured	heuristic	Memory state S_sub as a repository of structured subtask entries: each entry m = (z, d, e) where z = functional category (ANALYZE, REPRODUCE, EDIT, VERIFY), d = structured description (objective + mechanism keywords), e = transferable abstract experience extracted by the LLM Extractor. Indexed by embeddings; updated online after each subtask completion.	hybrid	subtask	no	swe_agent	Gemini 2.5 Flash, Gemini 2.5 Pro, Claude 3.7 Sonnet, Claude 4.0 Sonnet	autonomous	partial	benchmark	SWE-bench Verified (500)	Pass@1 (Avg ± std over 3 runs, Best@3)	NR	Vanilla Agent (Mini SWE Agent without memory), Instance-level Memory (ReasoningBank reproduction)	NR	NR	Grows monotonically during the streaming protocol (initialized empty); 797 unique entries after 500 instances; long-tail distribution (top-100 = 33.8% of retrievals, 50.7% single-use)	NR	NR	no	Subtask-level memory improves Pass@1 by +4.7pp on average over vanilla agents across 4 LLMs on SWE-bench Verified. Gains are larger on Hard tasks (+8.7pp, >28 steps) and grow with accumulated experiences. Category isolation is critical: global retrieval loses +2.3pp.	+6.8pp Gemini 2.5 Pro (60.3% vs 53.5%); +5.6pp Gemini 2.5 Flash (41.9% vs 36.3%); +3.9pp Claude 3.7 Sonnet (56.1% vs 52.2%); +2.3pp Claude 4.0 Sonnet (65.8% vs 63.5%); average +4.7pp	NR	no	5.0	Evaluation only on SWE-bench Verified; memory reset every experimental round (does not test true long-term accumulation); experience extraction by the same LLM backbone may limit quality; top-1 retrieval may miss relevant experiences	SWE-bench Verified is predominantly Python; memory reset undermines long-term scalability evaluation; 4 models tested but only Google and Anthropic families; Instance-level Memory is a reproduction of ReasoningBank, not the original implementation; variance across runs (σ up to 2.27)	gap1_comparison
srivastava2025memorygraft	Saksham Sahai Srivastava, Haoyu He	2025	MemoryGraft: Persistent Compromise of LLM Agents via Poisoned Experience Retrieval	arXiv preprint (2512.16962)	preprint	NA	NA	NA	NA	NA — security paper analyzing vulnerabilities in LLM agent memory stores. Attacks MetaGPT DataInterpreter with a poisoned RAG store (BM25 + FAISS vector index) containing 100 benign experiences + 10 poisoned ones.	NA	NA	NA	NA — evaluates an attack against MetaGPT DataInterpreter	GPT-4o (MetaGPT DataInterpreter)	NA	yes	case_study	Custom evaluation set (12 handcrafted queries for MetaGPT DataInterpreter, 110 experience seeds)	Poisoned Retrieval Proportion (PRP), qualitative behavioral drift	NR	MetaGPT DataInterpreter without poisoned memory, BM25-only vs BM25+FAISS union retrieval	NR	NR	NA	NR	NR	no	MemoryGraft demonstrates that 10 poisoned experiences out of 110 total (9.1%) achieve a Poisoned Retrieval Proportion of 47.9%, persistently compromising agent behavior. The attack persists across sessions, is trigger-free, and exploits the semantic imitation heuristic.	PRP 47.9% with union retrieval (BM25+FAISS) vs ~25% with BM25-only; 23 out of 48 total retrievals return poisoned experiences	NR	yes	4.0	Small-scale evaluation (110 seeds, 12 queries); only MetaGPT DataInterpreter as target; only GPT-4o; attack design is semi-white-box (attacker knows which artifacts the agent ingests); no quantitative behavioral severity metrics; proposed defenses not empirically evaluated	Only one agent framework (MetaGPT); GPT-4o as the sole LLM; 12 handcrafted evaluation queries; attack scenario assumes the agent runs README code without verification; small scale may not represent real deployments	gap3_complexity
su2025learnbyinteract	Hongjin Su, Ruoxi Sun, Jinsung Yoon, Pengcheng Yin, Tao Yu, Sercan Ö. Arık	2025	Learn-by-interact: A Data-Centric Framework for Self-Adaptive Agents in Realistic Environments	arXiv preprint (2501.10893)	preprint	experience_bank	episodic	text_context	heuristic	Pool of synthesized examples (~10k after filtering): instruction-trajectory pairs generated via self-instruct + backward construction from environment documentation. Filtered through deduplication + an LLM committee. Stored as text for retrieval in ICL or fine-tuning.	hybrid	task	no	custom	Claude-3.5-sonnet, Gemini-1.5-pro (generation and evaluation); Codegemma-7B, Codestral-22B (fine-tuning)	autonomous	yes	benchmark	SWE-bench Verified, WebArena, OSWorld, Spider2-V	Resolve rate (%), success rate (%)	NR	Baseline (vanilla prediction), RAG, Data distill, Reflexion, LATS	NR	NR	Pool fixed after offline synthesis (~10k examples per benchmark); no growth during inference	NR	Fewer LLM calls and tokens than Reflexion (~15 calls vs ~25) and LATS (~15 calls vs ~35) with superior performance	yes_partial	Learn-by-interact improves the baseline by up to +10.1pp (Claude, OSWorld: 12.4%→22.5%) and +8.8pp (Claude, SWE-bench: 51.2%→60.0%) via ICL with agentic retrieval. Fine-tuning with synthesized data raises Codestral-22B from 4.7% to 24.2% on WebArena (+19.5pp).	+8.8pp SWE-bench (Claude), +10.1pp OSWorld (Claude), +5.4pp SWE-bench (Gemini); surpasses Reflexion and LATS across all 4 benchmarks with both LLMs	Fewer LLM calls and tokens than Reflexion and LATS during inference; synthesis cost is offline and amortized	no	5.0	High data synthesis cost (many LLM calls for generation and filtering); dependence on existing environment documentation/resources to generate instructions; resources may be incomplete or unavailable	Claude-3.5-sonnet used to both generate and evaluate data may bias results; documentation may be incomplete for specific environments; backward construction assumes sub-trajectories are independent; ICL evaluation with models that generated the synthesis data	gap1_comparison
tablan2025smarter	Valentin Tablan, Scott Taylor, Gabriel Hurtado, Kristoffer Bernhem, Anders Uhrenholt, Gabriele Farei, Karo Moilanen	2025	Smarter Together: Creating Agentic Communities of Practice through Shared Experiential Learning	arXiv preprint (2511.08301)	preprint	experience_bank	hybrid	hybrid	llm_self_control	Knowledge base: ~34000 documentation blobs from data science libraries (NumPy, Pandas, Matplotlib, SciPy, scikit-learn, PyTorch, TensorFlow) indexed as embeddings + text. Experiential memory: structured traces of agent-user interactions (problem context, recommendation, feedback), clustered by semantic similarity and curated into generalizable patterns. Continual learning via curation epochs.	hybrid	task	yes	custom (Spark memory layer, integrated via MCP)	Qwen3-Coder-30B-A3B-Instruct, Claude Haiku 4.5, GPT-5-Codex	autonomous	no	benchmark	DS-1000 (1000 data science problems from StackOverflow: NumPy, Pandas, Matplotlib, SciPy, scikit-learn, PyTorch, TensorFlow)	Code Quality Score (1-5, LLM judge: Gemini 2.5 Pro), Helpfulness Score (1-5, LLM judge: Claude Sonnet 3.7)	NR	NO-SPARK (LLMs without external memory), DS-1000 Human Reference solutions (4.28/5 average)	NR	NR	Initialized with ~34K documentation blobs; grows via experiential learning epochs (1 epoch evaluated in this study)	NR	NR	no	Spark improves code quality across all models: Qwen3-Coder +0.66 (4.23→4.89), Haiku 4.5 +0.41 (4.50→4.91), GPT-5-Codex +0.05 (4.78→4.83). The 30B open-weights model with Spark matches GPT-5-Codex without Spark. 98.2% of recommendations rated at least GOOD.	+0.66 code quality Qwen3-Coder (4.23→4.89); +0.41 Haiku 4.5 (4.50→4.91); +0.05 GPT-5-Codex (4.78→4.83); all WITH-SPARK exceed human quality (4.28)	NR	no	5.0	Synthetic experiential data (generated by GPT-4o, not real interactions); LLM-judge evaluation without execution metrics (Pass@1); DS-1000 as the sole benchmark (data science); only 1 experiential learning epoch evaluated	LLM-as-judge may correlate with the evaluated models; synthetic experiences do not represent real interactions; DS-1000 focuses on data science rather than general SE (bug fixing, repository-level); stronger models benefit less (ceiling effect); Spark is a commercial product, potential bias	gap1_comparison
vasilopoulos2026codified	Aristidis Vasilopoulos	2026	Codified Context: Infrastructure for AI Agents in a Complex Codebase	arXiv preprint (2602.20478)	preprint	hybrid	hybrid	text_context	heuristic	Tier 1: Markdown constitution (~660 lines, always loaded; conventions, checklists, trigger tables, failure modes). Tier 2: 19 Markdown agent specifications (115-1233 lines each, ~9300 total; domain knowledge, code patterns, symptom-cause-fix tables). Tier 3: 34 Markdown knowledge base documents (~16250 lines; subsystem specs). Total: ~26200 lines (24.2% of the C# code). Retrieval via MCP server (keyword matching).	hybrid	other	yes	custom (Claude Code + MCP retrieval server)	Claude Code (model not specified)	semi_autonomous	yes	case_study	NA (observational case study: 108K lines of C#, 283 sessions, 70 days part-time)	Sessions (283), agent invocations (1197), agent turns (16522), MCP retrieval calls (1478 over 218 sessions), knowledge-to-code ratio (24.2%)	NR	Implicit: before vs after introducing each infrastructure component (observational, no control)	NR	NR	Growth documented over 70 days: Phase 1 (~100 lines constitution), Phase 2 (specs + agents), Phase 3 (MCP retrieval). Final: ~26200 lines across 54 files. Knowledge-to-code ratio stabilized at ~24%	NR (maintenance: ~1-2h/week + biweekly review 30-45min)	NR	no	A 3-tier codified context infrastructure supported the construction of a 108K-line distributed system by a solo AI-assisted developer in 70 days. 4 case studies: cross-session coordination (74 sessions without save bugs), captured experience reused across 10+ sessions, documentation as a persistent investment, debugging with embedded domain knowledge.	Observational: save system spec referenced across 74 sessions without bugs; UI sync spec reused across 10+ sessions; knowledge base consulted 1478 times across 218 sessions	NR	yes	5.0	Single developer on a single project; specific domain (real-time distributed simulation) demands more documentation than typical projects; observational methodology without control; implementation specific to Claude Code + MCP	Single developer, single project, single tool (Claude Code); observational methodology without randomization; confounding with the developer's growing experience; game/simulation domain may not represent typical SE; spec staleness caused at least 2 incidents	gap3_complexity
wang2025repositorymemory	Boshi Wang, Weijian Xu, Yunsheng Li, Mei Gao, Yujia Xie, Huan Sun, Dongdong Chen	2025	Improving Code Localization with Repository Memory	ICLR 2026	conference	git_metaphor	hybrid	hybrid	heuristic	Corpus of recent commits (episodic: messages + patches + linked issues, searchable via BM25 with an LLM tokenizer) + functionality summaries of active files (semantic: NL text generated by LLM for the top-200 most-edited files)	bm25	repository	no	LocAgent (localization framework based on a heterogeneous graph)	GPT-4o (2024-05-13)	autonomous	partial	benchmark	SWE-bench-verified (500 examples, 12 repositories), SWE-bench-live (130 examples, 62 repositories)	Accuracy@1, Accuracy@3, Accuracy@5	NR	CodeRankEmbed, Agentless, LocAgent (without memory)	NR	NR	7000 commits + 200 most-edited files per repository; size fixed by design (fixed window of recent commits)	$0.58-$0.89/example (RepoMem) vs $0.54-$0.59/example (LocAgent); higher cost concentrated on hard problems where LocAgent fails	NR	yes_partial	Acc@5 76.5% on SWE-bench-verified (+4.9% vs LocAgent); episodic and semantic memory contribute in a complementary manner; the agent shifts from brute-force exploration to hypothesis-driven investigation	+4.9% absolute Acc@5 vs LocAgent on SWE-bench-verified; +3.1% on SWE-bench-live; resolve rate +3.4% end-to-end (40.4% vs 37.0%)	Higher cost on hard problems ($0.54→$0.89 when LocAgent fails); high per-example variance; memory is a strategic investment on hard problems	no	5.0	Performance degrades on repositories with limited history (<10K commits); variable, problem-dependent cost; retrieval method not optimized for code vocabulary; explicit links between commits and issues may be noisy or absent	Evaluation only on bug fixing/localization; GPT-4o as the sole model; pre-issue commits may have variable quality; the fixed 7K-commit window may not be ideal for every repository	gap2_cost
wang2026codemem	Peiding Wang, Li Zhang, Fang Liu, Chongyang Tao, Yinghao Zhu	2026	CodeMEM: AST-Guided Adaptive Memory for Repository-Level Iterative Code Generation	arXiv preprint (2601.02868)	preprint	ast_guided	hybrid	hybrid	llm_self_control	AST key-value pairs (Code Context Memory: code blocks indexed by function/class signature with internal and external APIs) + code-centric session blocks with AST diffs (Code Session Memory: prompt, code, modification note, AST diff per round)	ast_intersection	function	no	custom	DeepSeek-V3	autonomous	yes	benchmark	CodeIF-Bench (L-2), CoderEval (extended multi-turn)	IA (Instruction Accuracy), CA (Conversation Accuracy), IFR (Instruction Forgetting Rate), Pass@1	NR	Full-Context BM25, Full-Context RL-Coder, MemGPT, Mem0, A-Mem	107.8k tokens/round (CodeIF-Bench); 52.6k tokens/round (CoderEval)	NR	Filtered by the AST Selector each round; growth controlled by API intersection	NR	Reduction of ~30k tokens vs multi-turn dialogue methods on CodeIF-Bench (107.8k vs 131.8k FC BM25, vs 358.5k A-Mem)	yes_partial	IA +12.2% and CA +11.5% vs Full-Context; reduces interaction by 2-3 rounds; SOTA on both benchmarks with competitive token efficiency	+12.2% IA, +11.5% CA vs Full-Context; +5.0% IA vs the best baseline (A-Mem)	Competitive; 107.8k tokens vs 131.8k (FC BM25) and 358.5k (A-Mem) on CodeIF-Bench	no	5.0	Evaluation limited to 2 Python benchmarks; effectiveness in more complex scenarios not validated; reliance on the LLM for memory decisions may introduce hallucinations	Benchmarks may not represent real-world complexity; DeepSeek-V3 as the sole model; CoderEval extended manually by the authors	gap1_comparison
wang2026memgovern	Qihao Wang, Ziming Cheng, Shuo Zhang, Fan Liu, Rui Xu, Heng Lian, Kunyi Wang, Xiaoming Yu, Jianghao Yin, Sen Hu, Yue Hu, Shaolei Zhang, Yanbing Liu, Ronghao Chen, Huacan Wang	2026	MemGovern: Enhancing Code Agents through Learning from Governed Human Experiences	arXiv preprint (2601.06789)	preprint	experience_bank	semantic	structured	llm_self_control	135K experience cards in a vector database. Each card: Index Layer (normalized Problem Summary + generalizable Diagnostic Signals such as exception types, error signatures, component tags) + Resolution Layer (Root Cause, abstract Fix Strategy, semantic Patch Digest, Verification steps). Governance pipeline: Experience Selection (repo scoring) → Standardization (content purification + unified repair experience protocol) → Quality Control (LLM checklist scoring with refine loop).	hybrid	task	not_applicable	swe_agent	Claude 4 Sonnet, GPT-5 Medium, DeepSeek-V3.1T, Qwen3-235B, Kimi-K2-Instruct, Qwen3-Coder-30B, GPT-4o, GPT-4o-Mini	autonomous	yes	benchmark	SWE-bench Verified (500)	Resolved Rate (%), Avg. Tokens (M), Avg. Cost ($)	NR	SWE-Agent (no memory), AutoCodeRover, CodeAct, SWESynInfer, mini-SWE-agent, static RAG, Agentic RAG	0.78M-2.35M tokens per task (varies by LLM backbone)	NR	Fixed after offline construction (135K cards); monotonic gains from 10% to 100% of the pool in ablation	$0.07 (Qwen3-Coder-30B) to $7.27 (Claude 4 Sonnet) per task	NR (light overhead: tokens increase ~3-5% vs baseline due to retrieval)	yes_detailed	MemGovern improves SWE-Agent by an average of +4.65pp in resolve rate on SWE-bench Verified, consistent across 7 LLMs. Largest gains on weaker models (+9.4pp GPT-4o, +8.2pp Qwen3-235B). Agentic Search (search-then-browse) surpasses static RAG and Agentic RAG across all tested models.	+3.2pp with Claude 4 Sonnet (69.8% vs 66.6%); +8.2pp with Qwen3-235B (55.4% vs 47.2%); +9.4pp with GPT-4o (32.6% vs 23.2%); average +4.65pp across 7 LLMs	Moderate overhead: $6.94→$7.27 with Claude 4 Sonnet (+4.8%); $0.14→$0.20 with GPT-4o-Mini (+43%); proportional to use of Searching/Browsing tools	no	5.5	Additional token overhead for searching the experiential memory; experience cards built offline via GPT-5.1 (construction cost not reported); memory compression strategies not explored; Index Layer removes repository specificity	SWE-bench Verified as the sole benchmark; experience cards generated by GPT-5.1 may carry bias; 150K pre-filtered GitHub triplets may temporally overlap with SWE-bench; quality control evaluation via LLM-judge; human evaluation limited to 100 repositories for selection	gap1_comparison
wong2025confucius	Sherman Wong, Zhenting Qi, Zhaodong Wang, Nathan Hu, Samuel Lin, Jun Ge, Erwin Gao, Wenlin Chen, Yilun Du, Minlan Yu, Ying Zhang	2025	Confucius Code Agent: Scalable Agent Scaffolding for Real-World Codebases	arXiv preprint (2512.10398)	preprint	hybrid	hybrid	text_context	llm_self_control	Hierarchical working memory (Markdown file tree with metadata tags and visibility scopes: session, entry, runnable) + persistent cross-session notes (Markdown in a per-session directory, e.g. research/findings.md, solutions/bug_fix.md, including hindsight notes for failures) + context compression summaries (structured plan with goals, decisions, TODOs, generated by the Architect Agent)	hybrid	task	no	custom (Confucius SDK)	Claude 4 Sonnet, Claude 4.5 Sonnet, Claude 4.5 Opus, GPT-5.2	autonomous	partial	benchmark	SWE-Bench-Pro (731 tasks), SWE-Bench-Verified (500 tasks), PyTorch-Bench (custom)	Resolve Rate (Pass@1)	NR	SWE-Agent, Live-SWE-Agent, OpenHands, Anthropic (proprietary), OpenAI (proprietary)	~104k tokens (Run 1 without notes); ~93k tokens (Run 2 with notes)	NR	Working memory grows during a session and is periodically compressed by the Architect Agent; persistent notes accumulate across sessions	NR	-11k tokens/task (104k→93k) with persistent notes from Run 1 applied in Run 2	yes_partial	CCA achieves 59.0% Resolve@1 on SWE-Bench-Pro with GPT-5.2, surpassing OpenAI (56.0%); with Claude 4.5 Sonnet it reaches 52.7% vs Live-SWE-Agent 45.8%. Persistent notes reduce turns from 64 to 61 and tokens from 104k to 93k, with a +1.4pp gain in Resolve Rate.	+3.0pp vs OpenAI (59.0% vs 56.0%) with GPT-5.2; +6.9pp vs Live-SWE-Agent (52.7% vs 45.8%) with Claude 4.5 Sonnet; +1.8pp vs OpenHands (74.6% vs 72.8%) on SWE-Bench-Verified	NR	no	5.5	PyTorch-Bench is not directly comparable with SWE-Bench-Pro due to differences in execution environment; note evaluation limited to 151 instances; meta-agent co-developed with the evaluation benchmarks; SDK not fully open-source	SWE-Bench-Verified is sensitive to the model's thinking budget; comparison with proprietary systems (Anthropic, OpenAI) may involve uncontrolled infrastructure differences; meta-agent refined on the same benchmarks used for evaluation may lead to overfitting	gap1_comparison
wu2025gcc	Junde Wu, Minhao Hu, Jiayuan Zhu, Jiazhen Pan, Yuyuan Liu, Min Xu, Yueming Jin	2025	Git Context Controller: Manage the Context of LLM-based Agents like Git	arXiv preprint (2508.00031)	preprint	git_metaphor	hybrid	text_context	llm_self_control	Versioned .GCC/ directory: main.md (global roadmap, milestones, to-do list shared across branches), branches/{name}/commit.md (progress summaries: Branch Purpose + Previous Progress + This Commit's Contribution), log.md (fine-grained OTA traces), metadata.yaml (file structure, dependencies, configs). All plain-text, checkpointed via real git commits.	hybrid	other	yes	swe_agent (GCC integrated on top of SWE-Agent for SWE-Bench)	GPT-5, GPT-4.1, DeepSeek-V3.1, GLM-4.5-Air, Qwen3-235B-A22B, Claude 4 Sonnet	autonomous	partial	benchmark	BrowseComp-Plus (150 instances), SWE-Bench Verified (500 instances), SWE-Benchlite (300 instances)	Pass@1, % Resolved, Tool Calls, % Correct Location (Line, Function, File)	NR	ReAct Agent, SWE Agent, Summary Agent, Folding Agent (controlled); 26 existing systems on SWE-Benchlite (CodeStory Aide, MarsCode, Honeycomb, MentatBot, etc.)	~386-547K tokens/task (SWE-Benchlite, varies by model)	NR	Non-monotonic context length: grows with inference steps but periodically shrinks via summarization and retrieval; up to 100 branches/archives summarized (theoretical max 3.27M tokens)	$0.57/task (GPT-3.5), $1.13/task (GPT-4o), $1.21/task (Claude 3.5 Sonnet) on SWE-Benchlite	NR	yes_detailed	SOTA on SWE-Bench Verified (Pass@1 0.802 with Claude 4 Sonnet, +13.6% vs baseline) and BrowseComp-Plus (0.834 with GPT-5). On SWE-Benchlite, it resolves 48.00% (144/300), surpassing 26 existing systems including commercial agents.	+6.2pp Pass@1 vs Folding Agent (best baseline) with Claude 4 Sonnet on SWE-Bench Verified (0.802 vs 0.740); +1.9pp BrowseComp-Plus with GPT-5 (0.834 vs 0.815)	$1.21/task vs $1.62 SWE-Agent, $2.51 Agentless on SWE-Benchlite (Claude 3.5 S); cost comparable to the best open-source systems despite much higher performance	no	5.5	Fixed 327K context window; retrieval window K=1 limits access to old commits; BRANCH and MERGE significantly increase tool calls; not tested under a fixed cost budget	Frontier proprietary models (GPT-5, Claude 4 Sonnet) may exhibit emergent capabilities that do not generalize; artificial benchmarks vs real production; reliance on large context windows (327K); ablation only with Claude 4 Sonnet	gap1_comparison
xia2025livesweagent	Chunqiu Steven Xia, Zhe Wang, Yan Yang, Yuxiang Wei, Lingming Zhang	2025	Live-SWE-Agent: Can Software Engineering Agents Self-Evolve on the Fly?	arXiv preprint (2511.13646)	preprint	other	procedural	executable	llm_self_control	Custom tools as executable Python scripts created on-the-fly by the agent during issue resolution. They include file editors, code searchers, and language-specific analyzers (e.g. Go analyzer). Stored in the execution environment's filesystem; an average of 3.28 tools per task with reflection.	full_load	task	not_applicable	swe_agent	Claude 4.5 Sonnet, Claude 4 Sonnet, Claude 3.7 Sonnet, GPT-5, GPT-5-Mini, GPT-5-Nano, Gemini 3 Pro	autonomous	yes	benchmark	SWE-bench Verified (500), SWE-Bench Pro (731), SWE-bench Multilingual (50 subset)	Resolve Rate (%), Average $ Cost per issue	NR	mini-SWE-agent (without tool creation), SICA, DGM, HGM (offline self-improving agents), SWE-agent (handcrafted tools)	NR	NR	Tools created per-task; do not persist across tasks; ~3.28 tools/task with reflection	$0.05 (GPT-5-Mini) to $0.73 (Claude 4.5 Sonnet, SWE-Bench Pro) per issue	NR	yes_detailed	Live-SWE-Agent reaches 77.4% resolve rate on SWE-bench Verified (Gemini 3 Pro) and 45.8% on SWE-Bench Pro (Claude 4.5 Sonnet), surpassing all existing agents without test-time scaling. On subset-60, it surpasses DGM (65.0% vs 53.3%) at zero offline cost.	+3.2pp vs mini-SWE-agent with Gemini 3 Pro (77.4% vs 74.2%); +4.8pp with Claude 4.5 Sonnet (75.4% vs 70.6%); +11.7pp vs DGM on subset-60 (65.0% vs 53.3%); +2.2pp vs SWE-agent on Pro (45.8% vs 43.6%)	Zero offline cost vs 1231 hours (DGM) and 512 hours (HGM); online cost comparable ($0.48 vs $0.46 Gemini 3 Pro; $0.68 vs $0.56 Claude 4.5 Sonnet)	yes	5.5	Self-evolution limited to tool creation (does not modify prompts or workflows); tools do not persist across tasks; weak LLMs (GPT-5-Nano) degrade drastically with tool creation (-68.2%); reflection consumes additional tokens	SWE-bench Verified is predominantly Python; subset-60 inherited from prior work; comparison with DGM/HGM uses results reported with GPT-5-Mini; per-task cost depends on variable API pricing; tools discarded between tasks limit assessment of persistence	gap2_cost
zhang2025accelopt	Genghan Zhang, Shaowei Zhu, Anjiang Wei, Zhenyu Song, Allen Nie, Zhen Jia, Nandita Vijaykumar, Yida Wang, Kunle Olukotun	2025	AccelOpt: A Self-Improving LLM Agentic System for AI Accelerator Kernel Optimization	arXiv preprint (2511.15915)	preprint	experience_bank	episodic	text_context	heuristic	Fixed-capacity (ExpN) queue of experience items: each item contains a slow-fast kernel pair (pseudocode of the optimized segments) + a generalized NL optimization strategy produced by the summarizer. Positive items (speedup > t_pos) and negative items (slowdown > 1/t_neg) are curated separately.	full_load	task	yes	custom	Qwen3-Coder-480B (executor), gpt-oss-120b (planner/summarizer), Claude Sonnet 4 (comparison)	autonomous	yes	benchmark	NKIBench (14 kernels from real LLM workloads on AWS Trainium 1 and 2)	Percentage of peak throughput, Fast@p, geometric mean speedup, correctness rate	NR	Claude Sonnet 4 (repeated sampling), initial kernels, beam search only (no memory)	NR	NR	Fixed-capacity queue (ExpN=16); oldest entries dropped upon reaching the limit; sublinear growth controlled by TopK	$96.10-$223.23 per full configuration (14 kernels, varying by executor/ExpN)	NR	yes_detailed	AccelOpt improves average throughput from 49% to 61% of peak on Trainium 1 and from 45% to 59% on Trainium 2, matching Claude Sonnet 4 at 26x lower cost using open-source models.	+12pp average throughput on Trainium 1 (49%→61%); +14pp on Trainium 2 (45%→59%) vs initial kernels; equivalent to Claude Sonnet 4	26x cheaper than Claude Sonnet 4 with equivalent performance ($139 AccelOpt vs ~$1733 Claude Sonnet 4); memory saves 16-17% of cost vs pure beam search	no	5.5	Evaluation limited to NKI kernels for AWS Trainium; LLMs cannot optimize certain kernels close to peak or with a difficult optimization space; reliance on a distributed profiling service; only open-source models tested as the base	NKIBench contains only 14 kernels; Trainium is a specific accelerator and results may not generalize to GPUs/TPUs; specific open-source models tested; cost measured by API pricing that may vary	gap2_cost
zhang2025darwingodel	Jenny Zhang, Shengran Hu, Cong Lu, Robert Lange, Jeff Clune	2025	Darwin Gödel Machine: Open-Ended Evolution of Self-Improving Agents	ICLR 2026	conference	other	procedural	executable	learned	Evolutionary archive of complete Python codebases of coding agents. Each agent is a repository with tools, prompts, and workflows. Parent selection is proportional to performance and inversely proportional to the number of children (open-ended exploration inspired by Darwinian evolution).	other	repository	no	custom	Claude 3.5 Sonnet (New) (self-modification and SWE-bench evaluation), o3-mini (Polyglot evaluation)	autonomous	yes	benchmark	SWE-bench Verified, Polyglot	Percentage of solved tasks (resolve rate / pass@1)	NR	DGM w/o self-improve (fixed meta-agent, ADAS-style), DGM w/o open-ended exploration (latest version only), checked open-source SoTA (SWE-bench), Aider (Polyglot)	NR	NR	Archive grows monotonically (all compilable agents are retained); ~80 agents generated in a complete run	NR	NR	no	DGM automatically improves a coding agent from 20.0% to 50.0% on SWE-bench Verified and from 14.2% to 30.7% on Polyglot via iterative self-modification with open-ended exploration. Improvements transfer across models (Claude 3.5→o3-mini, Claude 3.7) and benchmarks.	+30pp on SWE-bench (20%→50%); +16.5pp on Polyglot (14.2%→30.7%) vs base agent; comparable to human-designed open-source SoTA on SWE-bench	NR	no	5.0	High computational cost (~2 weeks and significant API costs for one run); limited by the capabilities of the underlying FM; assumes that coding benchmarks reflect general self-improvement capability; self-modifications limited to prompts and workflows (does not train new models)	SWE-bench Verified is a curated subset; evaluation on cost-scaled subsets; Claude 3.5 Sonnet as the sole self-modification model; inherent stochastic noise in LLM-based evaluations; the open-ended exploration process is not modifiable by DGM	gap3_complexity
zhou2025tomswe	Xuhui Zhou, Valerie Chen, Zora Zhiruo Wang, Graham Neubig, Maarten Sap, Xingyao Wang	2025	ToM-SWE: User Mental Modeling for Software Engineering Agents	arXiv preprint (2510.21903)	preprint	hybrid	hybrid	structured	llm_self_control	Three-tier hierarchical memory as an external database: (1) Raw session storage — full histories of previous sessions as text, (2) Session-based user models — structured JSON with user_intent, user_profile, message_preferences (inferred constraints, preferred_approach) extracted via LLM analyze_session, (3) Overall user model — aggregated JSON with profile_description, interaction_style (verbosity, question_timing), coding_preferences list, session_summaries. BM25 search across all tiers.	bm25	task	yes	openhands	Claude Sonnet 4 (20250514), Claude 3.7 Sonnet, Qwen3-480B, GPT-5, GPT-5-mini, GPT-5-nano	interactive	partial	mixed	Ambiguous SWE-bench (500 instances), Stateful SWE benchmark (500 instances, custom with 15 developer profiles), In-the-wild human study (209 sessions, 174 ToM suggestions, 17 professional developers, 3 weeks)	Task resolved rate (%), User simulator satisfaction score (1-5 across 5 dimensions), ToM suggestion acceptance rate (%)	NR	CodeAct (vanilla without memory), RAGCodeAct (single-agent with RAG over previous sessions)	NR	NR	Grows with sessions: raw sessions accumulate; session user models are consolidated into the overall user model via LLM aggregation	$0.02 (GPT-5-nano ToM) to $0.17 (Claude Sonnet 4 ToM) overhead per session; ~16% of total SWE cost ($1.08 avg)	NR	yes_detailed	ToM-SWE with Claude Sonnet 4 reaches 63.4% on Ambiguous SWE-bench (+11.5pp vs CodeAct) and 59.7% on Stateful SWE (+41.6pp vs CodeAct 18.1%). User satisfaction 3.62 vs 2.57 (+41%). In-the-wild study with 17 professional devs: 86.2% acceptance rate of ToM suggestions (74.1% accept + 12.1% partial).	+11.5pp Ambiguous SWE-bench (63.4% vs 51.9%) with Claude Sonnet 4; +41.6pp Stateful SWE (59.7% vs 18.1%); satisfaction 3.62 vs 2.57 (+41%); RAGCodeAct inferior to ToMCodeAct across all models	$0.17 ToM overhead per session (~16% of total cost); GPT-5-nano ToM ($0.02) reaches 38.0% resolve rate on Stateful SWE; marginal cost for substantial gains	yes	5.5	User simulator (GPT-5) may introduce systematic biases (over-compliance, over-knowledgeability); 15 profiles derived from OpenHands sessions may not represent global developer diversity; observational human study without a control group; real sessions not collected for privacy reasons	LLM-as-user-simulator may not represent real human behavior; profiles based on English-speaking developers using OpenHands; satisfaction-resolution correlation (r=0.74) based on simulator scores; new Stateful SWE benchmark without external validation; single-agent ToM tested only to a limited extent (N=100)	gap1_comparison
