included_id	id	title	current_status	suggested_status	final_status	baseline_evidence	performance_evidence	manual_rationale
I001	shinn2023reflexion	Reflexion: Language Agents with Verbal Reinforcement Learning	yes_no_persistence_or_memory_ablation	candidate_controlled_no_persistence	yes_no_persistence_or_memory_ablation	Baseline agents without Reflexion; GPT-4 single-sample code generation; CoT / episodic-memory ablations; previous SOTA systems such as CodeT and CodeRL	HumanEval Python improves from GPT-4 80.1% pass@1 to 91.0% (+10.9pp); HumanEval Rust improves from GPT-4 60.0% to 68.0% (+8.0pp); LeetcodeHard Python improves from GPT-4 7.5% to 15.0% (+7.5pp).	Extracted evidence names a no-memory/no-persistence comparator or a memory-component ablation.
I002	zelikman2024stop	Self-Taught Optimizer (STOP): Recursively Self-Improving Code Generation	yes_no_persistence_or_memory_ablation	candidate_controlled_no_persistence	yes_no_persistence_or_memory_ablation	Seed improver I0; chain-of-thought baseline; greedy iterative improver; GPT-3.5 and Mixtral comparisons	Improved improvers outperform the seed improver on all transfer tasks reported in Table 1; on LPN, the paper reports consistent mean downstream performance improvement with GPT-4.	Extracted evidence names a no-memory/no-persistence comparator or a memory-component ablation.
I003	zhang2024agilegen	Empowering Agile-Based Generative Software Development through Human-AI Teamwork	yes_nonmemory_external_baseline	needs_manual_review	yes_nonmemory_external_baseline	AutoGPT, ChatDev_23, ChatDev_24, GPT-Engineer, GPT3.5+CoT, GPT4+CoT, GPT4o+CoT, ablations	AgileGen GPT3.5 outperforms ChatDev_24 GPT3.5 by +0.089 CodeBLEU and +16.4pp Pass@1; AgileGen GPT4 outperforms GPT4o+CoT by +0.105 CodeBLEU and +24.7pp Pass@1.	Extracted evidence reports quantitative comparison against external or generic systems without the reviewed persistence architecture; count separately from strict ablations if needed.
I004	li2024falcon	FALCON: Feedback-driven Adaptive Long/short-term memory reinforced Coding OptimizatioN	yes_no_persistence_or_memory_ablation	needs_manual_review	yes_no_persistence_or_memory_ablation	CodeT5 base, PPOCoder, CodeRL, RLTF, DeepSeek-Coder-Instruct without FALCON	HumanEval improves from RLTF 76.8 to 82.9 (+6.1pp); MBPP improves from RLTF 75.9 to 80.7 (+4.8pp); APPS all pass@1 improves from RLTF 3.27 to 3.50 (+0.23pp).	Extracted evidence names a no-memory/no-persistence comparator or a memory-component ablation.
I005	qian2024iterative	Iterative Experience Refinement of Software-Developing Agents	no_no_persistence_or_nonmemory_baseline	needs_manual_review	no_no_persistence_or_nonmemory_baseline	GPTEngineer, MetaGPT, ChatDev, ECL (Experiential Co-Learning)	+36.6% Quality vs ChatDev (0.6372 vs 0.4665); +10.3% Quality vs ECL (0.6372 vs 0.5775); +11% Executability vs ECL (0.9146 vs 0.8643)	Extracted evidence does not document a no-persistence or non-memory baseline suitable for the controlled-comparison denominator.
I006	lin2024evocoder	LLMs as Continuous Learners: Improving the Reproduction of Defective Code in Software Issues	yes_no_persistence_or_memory_ablation	needs_manual_review	yes_no_persistence_or_memory_ablation	CodeR, LIBRO, AutoCodeRover, Agentless, and versions with EvoCoder reproduction code	Compared with CodeR, reproduction accuracy improves from 34.00% to 54.00% LLM-judged (+20.00pp) and from 33.33% to 53.33% human-judged (+20.00pp). AutoCodeRover fix rate improves from 22.06% to 26.47%; Agentless from 23.53% to 26.47%.	Extracted evidence names a no-memory/no-persistence comparator or a memory-component ablation.
I007	wu2024sail	Skill-Adpative Imitation Learning for UI Test Reuse	yes_nonmemory_external_baseline	needs_manual_review	yes_nonmemory_external_baseline	CraftDroid, SemFinder, CraftDroid-SemFinder, CraftDroid-DeepSeek-V2, CraftDroid-GPT-4o-mini, TraceDroid, TargetDroid	SAIL-DeepSeek-V2 improves over CraftDroid 25.5% to 63.6% overall (+38.1pp; reported as 149% higher SR). In non-1-to-1 mappings, SAIL-GPT-4o reaches 55.6% versus CraftDroid 14.1% (reported as 294% improvement).	Extracted evidence reports quantitative comparison against external or generic systems without the reviewed persistence architecture; count separately from strict ablations if needed.
I008	robeyns2025sica	A Self-Improving Coding Agent	yes_no_persistence_or_memory_ablation	needs_manual_review	yes_no_persistence_or_memory_ablation	Initial archived agent at iteration 0 and later self-improved agent iterations; paper also compares against ADAS conceptually.	SWE-Bench Verified improves from 17% to 53% at the best reported iteration (+36pp). File editing improves from 0.82 to 0.96 at peak, symbol location from 0.35 to 0.43 at peak, and LiveCodeBench from 0.65 to 0.71 by iteration 15.	Extracted evidence names a no-memory/no-persistence comparator or a memory-component ablation.
I009	zhang2025accelopt	AccelOpt: A Self-Improving LLM Agentic System for AI Accelerator Kernel Optimization	yes_no_persistence_or_memory_ablation	candidate_controlled_no_persistence	yes_no_persistence_or_memory_ablation	Claude Sonnet 4 (repeated sampling), kernels iniciais, beam search only (sem memória)	+12pp throughput médio no Trainium 1 (49%→61%); +14pp no Trainium 2 (45%→59%) vs kernels iniciais; equivalente a Claude Sonnet 4	Extracted evidence names a no-memory/no-persistence comparator or a memory-component ablation.
I010	tang2025agentkb	Agent KB: Leveraging Cross-Domain Experience for Agentic Problem Solving	yes_no_persistence_or_memory_ablation	candidate_controlled_no_persistence	yes_no_persistence_or_memory_ablation	Baseline agent frameworks without AGENT KB, AGENT KB pass@1/pass@2/pass@3 variants, ablations without hybrid retrieval and feedback components, manually curated knowledge comparison.	SWE-Agent GPT-4.1 improves 24.3% to 38.0% at 50 iterations (+13.7pp) and 27.0% to 42.3% at 100 iterations (+15.3pp). OpenHands Claude-3.7 improves 30.0% to 51.0% at 50 iterations (+21.0pp) and 41.3% to 53.3% at 100 iterations (+12.0pp).	Extracted evidence names a no-memory/no-persistence comparator or a memory-component ablation.
I012	kong2025alphaopt	AlphaOPT: Formulating Optimization Programs with Self-Improving LLM Experience Library	yes_no_persistence_or_memory_ablation	needs_manual_review	yes_no_persistence_or_memory_ablation	Standard prompting, OptiMus, ORThought, ORLM, LLMOPT, Reflexion, ExpeL, AlphaOPT ablations without refinement and without insight examples.	AlphaOPT exceeds ExpeL on test micro/macro averages (80.1/76.4 vs 69.9/66.3) and out-of-distribution micro/macro averages (86.5/74.8 vs 74.3/64.1). Removing refinement reduces out-of-distribution macro from 74.8 to 70.5.	Extracted evidence names a no-memory/no-persistence comparator or a memory-component ablation.
I013	yu2025satlution	Autonomous Code Evolution Meets NP-Completeness	no_no_persistence_or_nonmemory_baseline	needs_manual_review	no_no_persistence_or_nonmemory_baseline	Human-designed SAT Competition 2024 solvers; SAT Competition 2025 winner and runner-up; AlphaEvolve comparison at capability level.	On the SAT Competition 2025 comparison, the top evolved solvers solve 347, 345, and 344 instances, compared with 334 and 331 instances for the gold and silver 2025 winners; figures report lowest PAR-2 scores on 2025 and 2024 benchmarks.	Extracted evidence does not document a no-persistence or non-memory baseline suitable for the controlled-comparison denominator.
I015	jansen2025codedistiller	CodeDistiller: Automatically Generating Code Libraries for Scientific Coding Agents	yes_nonmemory_external_baseline	candidate_controlled_no_persistence	yes_nonmemory_external_baseline	Different CodeDistiller base models; downstream CodeScientist with generic materials-science examples versus CodeDistiller-generated examples.	Downstream A/B preference proportions favor CodeDistiller over the generic-example baseline for accuracy (0.50 vs 0.26), completeness (0.46 vs 0.16), and soundness (0.50 vs 0.30), with ties making up the remainder.	Extracted evidence reports quantitative comparison against external or generic systems without the reviewed persistence architecture; count separately from strict ablations if needed.
I016	wong2025confucius	Confucius Code Agent: Scalable Agent Scaffolding for Real-World Codebases	yes_nonmemory_external_baseline	needs_manual_review	yes_nonmemory_external_baseline	SWE-Agent, Live-SWE-Agent, OpenHands, Anthropic (proprietário), OpenAI (proprietário)	+3.0pp vs OpenAI (59.0% vs 56.0%) com GPT-5.2; +6.9pp vs Live-SWE-Agent (52.7% vs 45.8%) com Claude 4.5 Sonnet; +1.8pp vs OpenHands (74.6% vs 72.8%) no SWE-Bench-Verified	Extracted evidence reports quantitative comparison against external or generic systems without the reviewed persistence architecture; count separately from strict ablations if needed.
I017	zhang2025darwingodel	Darwin Godel Machine: Open-Ended Evolution of Self-Improving Agents	yes_no_persistence_or_memory_ablation	needs_manual_review	yes_no_persistence_or_memory_ablation	DGM without self-improving agents, DGM without open-ended exploration, checked open-source SWE-bench SoTA, Aider on Polyglot	DGM outperforms variants without self-improvement and without open-ended exploration; best discovered SWE-bench agent is comparable to checked open-source human-designed SoTA, while Polyglot improves 14.2% to 30.7% on the full benchmark.	Extracted evidence names a no-memory/no-persistence comparator or a memory-component ablation.
I018	lin2025eco	ECO: An LLM-Driven Efficient Code Optimizer for Warehouse Scale Computers	boundary_needs_pdf_review	candidate_controlled_no_persistence	no_no_persistence_or_nonmemory_baseline	Human baseline for microbenchmark edits; historical production changes; retrieval baselines including bag-of-words, deep text embeddings, and deep code embeddings; production before/after profiler measurements.	Production deployment reports over 2M normalized cores saved, more than 500k normalized cores saved per quarter, and successful edits across multiple anti-pattern categories; ECO scales human optimization effort beyond manual search.	PDF/text review found ECO comparisons against human edits, retrieval methods, unoptimized programs, and production before/after measures, but no clean no-persistence or non-memory coding-agent comparator.
I019	yuksel2025evolattice	EvoLattice: Persistent Internal-Population Evolution through Multi-Alternative Quality-Diversity Graph Representations for LLM-Guided Program Discovery	yes_nonmemory_external_baseline	needs_manual_review	yes_nonmemory_external_baseline	Spectral Energy, Covariance Trace, Spectral + Covariance fixed proxy, ZeroLM, LPZero, FunSearch-style proxy generation, AlphaEvolve-style diff evolution, ShinkaEvolve-like parent sampling.	EvoLattice exceeds AlphaEvolve-style diff evolution (0.11 ±0.06), ShinkaEvolve-like parent sampling (0.12 ±0.05), FunSearch-style proxy generation (0.09 ±0.07), and LPZero (0.10 ±0.05).	Extracted evidence reports quantitative comparison against external or generic systems without the reviewed persistence architecture; count separately from strict ablations if needed.
I020	ou2025k3trans	Evolving Triple Knowledge-Augmented LLMs for Code Translation in Repository Context	yes_no_persistence_or_memory_ablation	candidate_controlled_no_persistence	yes_no_persistence_or_memory_ablation	Basic RAG adapted from prior work, prompt engineering baseline, C2Rust rule-based baseline, ablations over knowledge types and retrieval strategy.	For Claude-3-5-Sonnet, K3 Trans improves over prompt engineering from 57.9% to 75.7% Compilation@1 and from 49.1% to 67.7% Pass@1; the paper reports relative improvements up to 135.9% on Pass@1 and 32.8% on CodeBLEU among studied LLMs.	Extracted evidence names a no-memory/no-persistence comparator or a memory-component ablation.
I021	mu2025experepair	EXPEREPAIR: Dual-Memory Enhanced LLM-based Repository-Level Program Repair	yes_no_persistence_or_memory_ablation	candidate_controlled_no_persistence	yes_no_persistence_or_memory_ablation	SWE-Agent, Moatless Tools, Agentless-1.5, AutoCodeRover-v2, OpenHands, PatchPilot, DARS, and ablations without experience module, demonstrations, or insights.	ExpeRepair surpasses PatchPilot 45.3% and DARS 47.0% on SWE-bench Lite while costing far less than DARS ($2.07 vs $12.24). Removing the experience module drops resolved rate from 47.7% to 41.3%.	Extracted evidence names a no-memory/no-persistence comparator or a memory-component ablation.
I022	lindenbauer2025ctimrover	From Knowledge to Noise: CTIM-Rover and the Pitfalls of Episodic Memory in Software Engineering Agents	yes_no_persistence_or_memory_ablation	candidate_controlled_no_persistence	yes_no_persistence_or_memory_ablation	AutoCodeRover (sem CTIM), configurações ablativas (CTIM only, General CTIM only, Repo-level CTIM only, Exemplar only)	-2pp vs baseline (40% vs 42%); CTIM only -11pp (31% vs 42%)	Extracted evidence names a no-memory/no-persistence comparator or a memory-component ablation.
I023	wu2025gcc	Git Context Controller: Manage the Context of LLM-based Agents like Git	yes_nonmemory_external_baseline	candidate_controlled_no_persistence	yes_nonmemory_external_baseline	ReAct Agent, SWE Agent, Summary Agent, Folding Agent (controlados); 26 sistemas existentes em SWE-Benchlite (CodeStory Aide, MarsCode, Honeycomb, MentatBot, etc.)	+6.2pp Pass@1 vs Folding Agent (melhor baseline) com Claude 4 Sonnet em SWE-Bench Verified (0.802 vs 0.740); +1.9pp BrowseComp-Plus com GPT-5 (0.834 vs 0.815)	Extracted evidence reports quantitative comparison against external or generic systems without the reviewed persistence architecture; count separately from strict ablations if needed.
I024	wang2025huxleygodel	Huxley-Gödel Machine: Human-Level Coding Agent Development by an Approximation of the Optimal Self-Improving Machine	yes_no_persistence_or_memory_ablation	candidate_controlled_no_persistence	yes_no_persistence_or_memory_ablation	SICA, DGM, initial ancestor, SWE-agent + GPT-5-mini, SWE-agent leaderboard baseline, HGM transfer variants.	HGM requires 517 CPU-hours versus DGM 1231 on SWE-Verified-60, and 347 versus DGM 2385 on Polyglot; on SWE-Lite standard, the HGM best-belief agent reaches 49.0% with GPT-5-mini and 57.0% with GPT-5 transfer.	Extracted evidence names a no-memory/no-persistence comparator or a memory-component ablation.
I025	wang2025repositorymemory	Improving Code Localization with Repository Memory	yes_no_persistence_or_memory_ablation	candidate_controlled_no_persistence	yes_no_persistence_or_memory_ablation	CodeRankEmbed, Agentless, LocAgent (sem memória)	+4.9% Acc@5 absoluto vs LocAgent em SWE-bench-verified; +3.1% em SWE-bench-live; resolve rate +3.4% em end-to-end (40.4% vs 37.0%)	Extracted evidence names a no-memory/no-persistence comparator or a memory-component ablation.
I026	kernelevolve2025	KernelEvolve: Scaling Agentic Kernel Coding for Heterogeneous AI Accelerators at Meta	no_no_persistence_or_nonmemory_baseline	needs_manual_review	no_no_persistence_or_nonmemory_baseline	PyTorch baselines, expert manual implementations, existing kernel-generation prototypes such as KernelBench/KernelLLM/CWM-related systems.	Reports 1.2x to 17x speedups over PyTorch baselines across production use cases and competitive performance with expert manual implementations.	Extracted evidence does not document a no-persistence or non-memory baseline suitable for the controlled-comparison denominator.
I027	yang2025lingxi	Lingxi: Repository-Level Issue Resolution Framework Enhanced by Procedural Knowledge Guided Scaling	yes_no_persistence_or_memory_ablation	needs_manual_review	yes_no_persistence_or_memory_ablation	mini-SWE-agent, OpenHands, SWE-agent, SWE-search, Augment Agent prior, raw issue-patch memory and no-knowledge ablations	With Claude 4 Sonnet, Lingxi reports 74.60% versus OpenHands and Augment Agent prior at 70.40%, SWE-search at 70.08%, SWE-agent at 66.60%, and mini-SWE-agent at 64.93%. With Kimi-K2, Lingxi reports 70.33% versus OpenHands 65.40% and mini-SWE-agent 43.80%.	Extracted evidence names a no-memory/no-persistence comparator or a memory-component ablation.
I030	khan2025macog	Multi-Agent Code-Orchestrated Generation for Reliable Infrastructure-as-Code	yes_no_persistence_or_memory_ablation	needs_manual_review	yes_no_persistence_or_memory_ablation	Few-shot, chain-of-thought, multi-turn, RAG, and MACOG ablations without specialized agents/components.	GPT-5 MACOG reaches 74.02 IaC-Eval, BLEU 11.86, CodeBERTScore 80.54, and LLM-judge 94.10. Ablations reduce IaC-Eval, including -Engineer at 64.89, -Security Prover at 61.45, -DevOps at 56.93, and -Memory Curator at 72.17.	Extracted evidence names a no-memory/no-persistence comparator or a memory-component ablation.
I031	ouyang2025reasoningbank	ReasoningBank: Scaling Agent Self-Evolving with Reasoning Memory	yes_no_persistence_or_memory_ablation	candidate_controlled_no_persistence	yes_no_persistence_or_memory_ablation	No Memory, Synapse, AWM and success-only/failure-trajectory ablations	On SWE-bench Verified, Gemini-2.5-flash ReasoningBank reports 38.8% resolve versus 34.2% No Memory and 35.4% Synapse; Gemini-2.5-pro reports 57.4% versus 54.0% No Memory and 53.4% Synapse. Failure-trajectory ablations report larger gains than success-only memory variants.	Extracted evidence names a no-memory/no-persistence comparator or a memory-component ablation.
I032	guo2025redcodeagent	RedCodeAgent: Automatic Red-teaming Agent against Diverse Code Agents	no_no_persistence_or_nonmemory_baseline	needs_manual_review	no_no_persistence_or_nonmemory_baseline	No Jailbreak, GCG, AmpleGCG, Advprompter, AutoDAN, retry variants, and multiple target code agents such as OCI, RA, Cursor, Codeium, and MetaGPT	Compared with no-jailbreak and jailbreak baselines, RedCodeAgent reports higher ASR across RedCode-Exec, RedCode-Gen, and RMCbench. In selected subtasks it reaches 70.00% ASR/20.00% RR for deleting sensitive files and 93.33% ASR/6.67% RR for adding risky aliases.	Extracted evidence does not document a no-persistence or non-memory baseline suitable for the controlled-comparison denominator.
I033	wang2025reflectiondriven	Reflection-Driven Control for Trustworthy Code Agents	yes_no_persistence_or_memory_ablation	needs_manual_review	yes_no_persistence_or_memory_ablation	Base models without Reflex versus Base+Reflex across gpt-3.5-turbo, gpt-4o, qwen3-coder-plus, and gemini-2.5-pro	Base+Reflex improves security rate by +2.9 for gpt-3.5-turbo, +9.3 for gpt-4o, +11.2 for qwen3-coder-plus, and +9.1 for gemini-2.5-pro; pass rate is mostly preserved but decreases for qwen3-coder-plus (86.7 to 80.1).	Extracted evidence names a no-memory/no-persistence comparator or a memory-component ablation.
I035	tablan2025smarter	Smarter Together: Creating Agentic Communities of Practice through Shared Experiential Learning	yes_no_persistence_or_memory_ablation	candidate_controlled_no_persistence	yes_no_persistence_or_memory_ablation	NO-SPARK (LLMs sem memória externa), DS-1000 Human Reference solutions (4.28/5 média)	+0.66 code quality Qwen3-Coder (4.23→4.89); +0.41 Haiku 4.5 (4.50→4.91); +0.05 GPT-5-Codex (4.78→4.83); todos WITH-SPARK excedem qualidade humana (4.28)	Extracted evidence names a no-memory/no-persistence comparator or a memory-component ablation.
I037	chen2025sweexp	SWE-Exp: Experience-Driven Software Issue Resolution	yes_nonmemory_external_baseline	needs_manual_review	yes_nonmemory_external_baseline	Agentless, SWE-Agent, SWE-Search, OpenHands, EvoCoder, SAGE	+2.2pp vs SWE-Search com Claude 4 Sonnet (73.0% vs 70.8%); +6.6pp vs SWE-Search com DeepSeek (42.0% vs 35.4%); +3.2pp vs SWE-Agent com DeepSeek (42.0% vs 38.8%); +4.2pp vs EvoCoder com DeepSeek (42.0% vs 38.0%)	Extracted evidence reports quantitative comparison against external or generic systems without the reviewed persistence architecture; count separately from strict ablations if needed.
I038	feng2025tai3	TAI3: Testing Agent Integrity in Interpreting User Intent	yes_nonmemory_external_baseline	candidate_controlled_no_persistence	yes_nonmemory_external_baseline	SelfRef baseline and ablations/generalization settings with different testing and target models	Table 1 reports broad EESR gains over SelfRef, including Finance GPT-4o-mini VALID 41.5 to 61.0 (+19.5), Healthcare GPT-4o-mini INVALID 44.7 to 57.4 (+12.7), and Office Llama-3.1-8B UNDERSPEC 65.7 to 82.0 (+16.3).	Extracted evidence reports quantitative comparison against external or generic systems without the reviewed persistence architecture; count separately from strict ablations if needed.
I039	shen2025talm	TALM: Dynamic Tree-Structured Multi-Agent Framework with Long-Term Memory for Scalable Code Generation	yes_nonmemory_external_baseline	needs_manual_review	yes_nonmemory_external_baseline	Direct Prompting, Chain-of-Thought (CoT), Self-Planning Prompting, Reflexion, MapCoder	+3.17pp BigCodeBench vs Direct (53.27% vs 50.10% GPT-4o); +5.00pp ClassEval class vs Direct (38.00% vs 33.00%); +2.00pp ClassEval class vs MapCoder (38.00% vs 36.00%); ~50% menos tokens que MapCoder	Extracted evidence reports quantitative comparison against external or generic systems without the reviewed persistence architecture; count separately from strict ablations if needed.
I040	zhou2025tomswe	TOM-SWE: User Mental Modeling For Software Engineering Agents	yes_no_persistence_or_memory_ablation	candidate_controlled_no_persistence	yes_no_persistence_or_memory_ablation	CodeAct (vanilla sem memória), RAGCodeAct (single-agent com RAG de sessões anteriores)	+11.5pp Ambiguous SWE-bench (63.4% vs 51.9%) com Claude Sonnet 4; +41.6pp Stateful SWE (59.7% vs 18.1%); satisfaction 3.62 vs 2.57 (+41%); RAGCodeAct inferior ao ToMCodeAct em todos modelos	Extracted evidence names a no-memory/no-persistence comparator or a memory-component ablation.
I041	cao2025hxagent	Toward Generation of Test Cases from Task Descriptions via History-aware Planning	yes_no_persistence_or_memory_ablation	candidate_controlled_no_persistence	yes_no_persistence_or_memory_ablation	WebGUM, RCI, Synapse, Li et al. staged LLM baseline with GPT-4o, and ablations without experience, without sequence-action memory, and without iterative planning	On challenging MiniWoB++ tasks, HxAgent averages 82% Exact-Match versus 10% for Li et al. (GPT-4o). On real-world applications it averages 87% Exact-Match versus 28% and 93% Prefix-Match versus 34%. Removing experience drops Exact-Match from 97% to 88%; removing both SAM and experience drops it to 47%.	Extracted evidence names a no-memory/no-persistence comparator or a memory-component ablation.
I042	hosain2025xolver	Xolver: Multi-Agent Reasoning with Holistic Experience Learning Just Like an Olympiad Team	yes_nonmemory_external_baseline	needs_manual_review	yes_nonmemory_external_baseline	LongCoT (backbone direto), Self-Reflexion, OctoTools, Search-o1, CheatSheet, CodeSim; modelos proprietários (o1, o3, o4-mini-high, Gemini 2.5 Pro/Flash); open-weight (DeepSeek-R1, Qwen3-235B); especializados (rStar-Math, AlphaOne, OpenMathReason, OpenCodeReason)	+18.6pp AIME'24 avg vs o3-mini-medium LongCoT (93.8% vs 75.8%); +13.6pp AIME'25 (89.4% vs 75.8%); +21.0pp LiveCodeBench (87.3% vs 66.3%); supera o4-mini-high em AIME'24 (93.8% vs 93.4%) e LiveCodeBench (87.3% vs 69.5%)	Extracted evidence reports quantitative comparison against external or generic systems without the reviewed persistence architecture; count separately from strict ablations if needed.
I043	du2026adaexplore	AdaExplore: Failure-Driven Adaptation and Diversity-Preserving Search for Efficient Kernel Generation	yes_no_persistence_or_memory_ablation	needs_manual_review	yes_no_persistence_or_memory_ablation	Single-pass GPT-5-mini/GPT-5/Claude-4.6-Opus, AutoTriton, DR. Kernel, parallel sampling, iterative refinement, OpenEvolve, variants with cross-task skill memory, and AdaExplore ablations	At 50 steps on Level-2, AdaExplore reaches 2.65x speedup versus IR with skill memory at 2.59x and PS with skill memory at 2.12x. Removing cross-task skill memory drops speedup from 2.65x to 2.32x and Fast@1.2 from 71% to 56%.	Extracted evidence names a no-memory/no-persistence comparator or a memory-component ablation.
I044	zhang2026agentdevel	AgentDevel: Reframing Self-Evolving LLM Agents as Release Engineering	yes_no_persistence_or_memory_ablation	candidate_controlled_no_persistence	yes_no_persistence_or_memory_ablation	Initial base agent, SWE-agent, GPT-4o scaffolded baseline, CER_hybrid, DFS, and ablations without flip gate, without executable diagnosis, and with non-blind critic	On SWE-bench Lite, AgentDevel reaches 22.0% versus base 11.0% and reported SWE-agent 18.0%. On WebArena ablation, the full pipeline keeps P2F regression rate at 3.1% with zero bad releases; removing the flip gate raises P2F to 14.8% and creates four bad releases.	Extracted evidence names a no-memory/no-persistence comparator or a memory-component ablation.
I045	tan2026agentga	AgentGA: Evolving Code Solutions in Agent-Seed Space	boundary_needs_pdf_review	needs_manual_review	yes_no_persistence_or_memory_ablation	AIDE benchmark reference; contextual comparisons to H2O AutoML, AutoGPT, and human with ChatGPT; Initial de novo proposals versus parent-conditioned operators	Parent-conditioned operators win 48.7% of parent-child tournaments overall, while Initial proposals win only 12.2%. Continue wins 148/286 tournaments, Merge 68/104, EDA 267/593, Ablation 34/78, and Initial 9/74.	PDF/text review found a direct initial/de novo proposal comparator against parent-conditioned operators using inherited archives.
I046	banerjee2026apexem	APEX-EM: Non-Parametric Online Learning for Autonomous Agents via Structured Procedural-Episodic Experience Replay	yes_no_persistence_or_memory_ablation	candidate_controlled_no_persistence	yes_no_persistence_or_memory_ablation	No Memory, Pass@10, Reflexion, RAG, Self-RAG, Mem0, MemP, MemRL, semantic-only/entity-graph/full-memory ablations, Opus-judge ablation	BigCodeBench improvement is +29.4pp over no memory and exceeds MemRL's reported +11.0pp gain. KGQA full-memory plus Opus judge reaches 89.6% versus 41.3% no memory. HLE entity graph retrieval improves 25.2% to 48.0%.	Extracted evidence names a no-memory/no-persistence comparator or a memory-component ablation.
I047	xiang2026beam	BEAM: Bi-level Memory-adaptive Algorithmic Evolution for LLM-Powered Heuristic Design	yes_no_persistence_or_memory_ablation	needs_manual_review	yes_no_persistence_or_memory_ablation	EoH, ReEvo, MCTS-AHD, AlphaEvolve, LLaMEA, LLaMEA-HPO, KaMIS, RLSA, ARW, HGS, Split and local search, EACO-EDM, BE without Adaptive Memory, one-shot and MCTS education baselines	In CVRP, BEAM with Split and local search reports gaps of 0.09%, 0.38%, and 0.86% for CVRP-100/200/500 versus EoH gaps of 0.22%, 0.57%, and 1.09%. In BBOB, BEAM average gap is 0.007 versus ReEvo 0.957, EoH 6.032, and LLaMEA-HPO 0.386.	Extracted evidence names a no-memory/no-persistence comparator or a memory-component ablation.
I048	bai2026patchadvisor	Beyond Crash-to-Patch: Patch Evolution for Linux Kernel Repair	yes_no_persistence_or_memory_ablation	candidate_controlled_no_persistence	yes_no_persistence_or_memory_ablation	Unguided baseline coding agent, memory-guided agent, base advisors without fine-tuning, fine-tuned PatchAdvisor variants	Baseline repair succeeds on 1/6 bugs with CodeBERTScore 0.42 and 83.3% compile success. Memory-guided repair succeeds on 4/6 with CodeBERTScore 0.74. Fine-tuned Gemma-3-12B PatchAdvisor succeeds on 5/6 with average rank 2.7.	Extracted evidence names a no-memory/no-persistence comparator or a memory-component ablation.
I049	he2026coredteam	Co-RedTeam: Orchestrated Security Discovery and Exploitation with LLM Agents	yes_no_persistence_or_memory_ablation	candidate_controlled_no_persistence	yes_no_persistence_or_memory_ablation	Vanilla prompting, OpenHands, C-Agent, VulTrail, RepoAudit, component ablations without critique, validation, vulnerability documents, code browser, memory, or execution	For Gemini-3-pro, OpenHands reaches 45.2%/45.0%/5.0%/20.2% across CyBench, BountyBench exploit/detect, and CyberGym; Co-RedTeam reaches 63.7%/65.0%/20.0%/37.3%. Removing memory drops Gemini-2.5-pro CyBench from 59.1% to 50.0%, BountyBench exploit from 60.0% to 40.0%, and CyberGym from 31.5% to 22.6%.	Extracted evidence names a no-memory/no-persistence comparator or a memory-component ablation.
I050	vogel2026codebasememory	Codebase-Memory: Tree-Sitter-Based Knowledge Graphs for LLM Code Exploration via MCP	yes_nonmemory_external_baseline	needs_manual_review	yes_nonmemory_external_baseline	File-exploration agent using conventional file reading and grep; comparison to embedding/RAG, RepoMap, and graph-plus-LLM retrieval approaches	MCP Agent reaches 90% of Explorer quality while using 10 times fewer tokens and 2.1 times fewer tool calls; it matches or exceeds explorer behavior on graph-native hub/caller queries for 19 of 31 languages.	Extracted evidence reports quantitative comparison against external or generic systems without the reviewed persistence architecture; count separately from strict ablations if needed.
I051	zhang2026coevoskills	CoEvoSkills: Self-Evolving Agent Skills via Co-Evolutionary Verification	yes_no_persistence_or_memory_ablation	candidate_controlled_no_persistence	yes_no_persistence_or_memory_ablation	No-skill baseline, Anthropic Skill-Creator, single-session skill generation, SkillsBench self-generated skills, CoT-guided self-generation, human-curated skills, ablations without surrogate verifier or without evolution	CoEvoSkills improves +40.5pp over no-skill and +17.6pp over human-curated skills. Skill-Creator reaches 34.1%, single-session generation 32.4%, SkillsBench self-generated 32.0%, and CoT-guided self-generation 30.7%. Removing the surrogate verifier drops pass rate from 71.1% to 41.1%; removing evolution drops to 48.6%.	Extracted evidence names a no-memory/no-persistence comparator or a memory-component ablation.
I052	muhtar2026complementaryrl	Complementary Reinforcement Learning	yes_no_persistence_or_memory_ablation	candidate_controlled_no_persistence	yes_no_persistence_or_memory_ablation	Outcome-based RL baseline without experience, Static Online Experience, Static Online Experience evaluated without experience, Experience Only, Complementary RL with/without experience at evaluation	Multi-task table reports baseline average 0.75, Complementary RL evaluated with experience 0.82, and Complementary RL without experience 0.78. Static Online Experience with experience averages 0.59 and without experience 0.54, showing that static experience alone is insufficient.	Extracted evidence names a no-memory/no-persistence comparator or a memory-component ablation.
I053	hu2026cse	Controlled Self-Evolution for Algorithmic Code Optimization	yes_no_persistence_or_memory_ablation	candidate_controlled_no_persistence	yes_no_persistence_or_memory_ablation	Direct generation, Self-Reflection, SE-Agent, AlphaEvolve, ablations without diversified planning, genetic evolution, or hierarchical memory	With GPT-5, CSE improves average MI to 67.47% versus Direct 59.13%, Self-Reflection 60.24%, SE-Agent 64.41%, and AlphaEvolve 63.04%. Ablation on GPT-5 shows full CSE MI 68.10% versus 63.08% without memory, 63.82% without planning, and 64.72% without evolution.	Extracted evidence names a no-memory/no-persistence comparator or a memory-component ablation.
I054	qu2026coral	CORAL: Towards Autonomous Multi-Agent Evolution for Open-Ended Discovery	yes_no_persistence_or_memory_ablation	candidate_component_ablation_review	yes_no_persistence_or_memory_ablation	OpenEvolve, ShinkaEvolve, EvoX, single-agent CORAL, independent best-of-four single-agent runs, no-knowledge ablation	CORAL improvement rates are reported as 3-10 times higher than fixed evolutionary-search baselines and typically converge within 5-20 evaluations versus 60-100 for baselines. Knowledge ablation worsens Kernel Engineering from 1350 to 1601 cycles, Polyominoes from 80.2 to 77.3, and Txn Scheduling from 4566 to 4444.	Extracted evidence names a no-memory/no-persistence comparator or a memory-component ablation.
I055	jiang2026darwin	DARWIN: Dynamic Agentically Rewriting Self-Improving Network	yes_no_persistence_or_memory_ablation	candidate_controlled_no_persistence	yes_no_persistence_or_memory_ablation	Baseline nanoGPT configuration and ablation without the memory file system	The paper reports a 2.07 percent reduction in perplexity and a 1.26 percent reduction in MFU; removing persistent memory produced about 3 percent worse performance, but the authors caution that the results are not statistically meaningful.	Extracted evidence names a no-memory/no-persistence comparator or a memory-component ablation.
I056	shen2026decocted	Decocted Experience Improves Test-Time Inference in LLM Agents	yes_no_persistence_or_memory_ablation	candidate_controlled_no_persistence	yes_no_persistence_or_memory_ablation	Vanilla agent without context, raw experience retrieval, distilled lesson retrieval, full memory, k-means consolidated memory, flat top-k lesson retrieval, hierarchical concept tree	On WebShop and SWE, lesson-based context consistently outperforms raw trajectories and vanilla context-free agents. Concept-tree retrieval improves over top-k lesson retrieval on WebShop and shows a noticeable improvement on SWE, while excessive K/raw context can degrade performance.	Extracted evidence names a no-memory/no-persistence comparator or a memory-component ablation.
I057	zhang2026docksmith	DockSmith: Scaling Reliable Coding Environments via an Agentic Docker Builder	boundary_needs_pdf_review	candidate_component_ablation_review	no_no_persistence_or_nonmemory_baseline	DeepSeek-v3.1, DeepSeek-R1, GPT-OSS-20B, GPT-OSS-120B, Kimi-K2 variants, Qwen3-235B-A22B, Claude-Sonnet-4, GPT-5-Mini, Gemini-2.5-Flash, Qwen3-Coder-30B-A3B-Instruct, SWE-only and Docker-only training ablations, acceptance-shaping and curriculum ablations	DockSmith improves +20.3 absolute F2P points over Qwen3-Coder-30B-A3B-Instruct. Error analysis reduces total errors from 3,757 to 2,161, critical errors by 40.2%, and average errors per trajectory from 11.81 to 6.67.	PDF/text review found model, training, acceptance-shaping, and curriculum comparisons, but no clean no-memory or no-success-memory ablation for DockSmith's persistence mechanism.
I058	wang2026domagent	DomAgent: Leveraging Knowledge Graphs and Case-Based Reasoning for Domain-Specific Code Generation	yes_no_persistence_or_memory_ablation	candidate_controlled_no_persistence	yes_no_persistence_or_memory_ablation	Vanilla Qwen2.5-7B, LLaMA3.1-8B, LLaMA3.3-70B, GPT-4o, KG-only, CBR-only, KG+CBR RAG pipeline, StarCoder, WizardCoder, CodeLLaMA-Python, WizardCoder-CL, Magicoder-CL, MagicoderS-CL, random case sampling	On Truck CAN Signal, Qwen2.5-7B improves from 39.62% to 96.64% total pass@1, and GPT-4o with DomRetriever improves from 71.22% to 98.04%. On DS-1000, Qwen2.5-7B improves from 29.3% to 39.2% total pass@1; external GPT-4o improves from 51.0% to 58.6% with LLaMA3.1-8B DomRetriever.	Extracted evidence names a no-memory/no-persistence comparator or a memory-component ablation.
I059	guo2026eet	EET: Experience-Driven Early Termination for Cost-Efficient Software Engineering Agents	yes_no_persistence_or_memory_ablation	needs_manual_review	yes_no_persistence_or_memory_ablation	Agentes sem EET (Agentless, Mini-SWE-Agent, Trae Agent), Turn-control (Gao and Peng 2026), Naive-EET (RAG com trajetórias brutas)	+2.7% resolve rate médio vs agentes sem EET; Agentless beneficia mais (+7.5% abs com GPT-5-mini)	Extracted evidence names a no-memory/no-persistence comparator or a memory-component ablation.
I060	wang2026effiskill	EffiSkill: Agent Skill Based Automated Code Efficiency Optimization	yes_no_persistence_or_memory_ablation	candidate_controlled_no_persistence	yes_no_persistence_or_memory_ablation	Instruction, RAG, CoT, SBLLM, FasterPy, EffiCoder, ablations without retrieval, with random skills, and without multi-plan composition	With GPT-5-mini, EffiSkill reaches Python OPT@1/OPT@8 of 26.48/37.40 and C++ OPT@1/OPT@8 of 44.62/66.77. With Qwen3-Coder, it reaches Python 21.35/36.60 and C++ 34.19/56.50, outperforming Instruction, RAG, CoT, SBLLM, FasterPy, and EffiCoder where applicable.	Extracted evidence names a no-memory/no-persistence comparator or a memory-component ablation.
I061	ma2026failuremem	FailureMem: A Failure-Aware Multimodal Framework for Autonomous Software Repair	boundary_needs_pdf_review	candidate_component_ablation_review	yes_no_persistence_or_memory_ablation	GUIRepair, Agentless Lite, SWE-agent, Zencoder, Computer-Use Agents, commercial systems, and FailureMem ablations	FailureMem reaches 31.1%, 33.1%, 33.3%, 32.5%, and 33.8% resolved rates with GPT-4.1, GPT-5.1, GPT-5.2, Claude 4, and Claude 4.5 respectively, compared with GUIRepair at 28.8%, 29.4%, 29.8%, 28.6%, and 31.5%.	PDF/text review found explicit memory-free/no-historical-memory FailureMem comparators and component ablations.
I062	weng2026groupevolving	Group-Evolving Agents: Open-Ended Self-Improvement via Experience Sharing	no_no_persistence_or_nonmemory_baseline	candidate_controlled_no_persistence	no_no_persistence_or_nonmemory_baseline	DGM-like self-evolving baseline, Darwin Godel Machine lineage, OpenHands+GPT-5, Aider+GPT-5, human-designed framework comparisons	GEA nearly matches OpenHands+GPT-5 on SWE-bench Verified (71.0% versus 71.8%) and exceeds Aider+GPT-5 on Polyglot (88.3% versus 52.0%). It fixes framework-level bugs in 1.4 iterations on average versus 5.0 for DGM trials.	Extracted evidence does not document a no-persistence or non-memory baseline suitable for the controlled-comparison denominator.
I063	nadafian2026kapso	KAPSO: A Knowledge-grounded framework for Autonomous Program Synthesis and Optimization	yes_nonmemory_external_baseline	needs_manual_review	yes_nonmemory_external_baseline	R&D-Agent, AIRA-dojo, ML-Master, AIDE (MLE-Bench); ALE-Agent, ALE Sequential, ALE one-shot (ALE-Bench)	+15.56pp medal rate vs R&D-Agent em MLE-Bench; +30.1 ELO vs ALE-Agent em ALE-Bench; vantagem concentrada em tarefas Hard (+17.78pp)	Extracted evidence reports quantitative comparison against external or generic systems without the reviewed persistence architecture; count separately from strict ablations if needed.
I064	dong2026kernelblaster	KernelBlaster: Continual Cross-Task CUDA Optimization via Memory-Augmented In-Context Reinforcement Learning	yes_no_persistence_or_memory_ablation	needs_manual_review	yes_no_persistence_or_memory_ablation	AI CUDA Engineer, IREE compiler, PyTorch (Eager + torch.compile), Kernelsseum (zero-shot), no_mem_agent (ablação)	GeoMean 1.43× (L1), 2.50× (L2), 1.50× (L3) vs PyTorch; 1.67× vs no_mem_agent; supera AI CUDA Engineer em fast_p para speedups moderados a altos	Extracted evidence names a no-memory/no-persistence comparator or a memory-component ablation.
I065	sun2026kernelskill	KernelSkill: A Multi-Agent Framework for GPU Kernel Optimization	yes_nonmemory_external_baseline	candidate_component_ablation_review	yes_nonmemory_external_baseline	Kevin-32B, Astra, PRAGMA, CudaForge, QiMeng, STARK, Torch Eager, and KernelSkill ablations	Compared with STARK, KernelSkill improves average speedup by 79.5% on Level 1, 4.8% on Level 2, and 21.5% on Level 3. It reaches these gains with 15 refinement rounds, while STARK reports 30 rounds.	Extracted evidence reports quantitative comparison against external or generic systems without the reviewed persistence architecture; count separately from strict ablations if needed.
I066	zhao2026phyloevolve	Large Language Model-Powered Evolutionary Code Optimization on a Phylogenetic Tree	boundary_needs_pdf_review	candidate_controlled_no_persistence	no_no_persistence_or_nonmemory_baseline	Baseline implementations and evolutionary search variants for the scientific-code optimization workloads	The paper reports improvements in runtime performance, memory efficiency, and correctness over baseline and evolutionary methods, including reusable motifs such as kernel fusion, shared-memory tiling, and batching strategies.	PDF/text review found baseline implementation and evolutionary-search comparisons, but no clean no-persistence or no-trajectory-memory comparator for PhyloEvolve.
I067	fu2026latentmem	LatentMem: Customizing Latent Memory for Multi-Agent Systems	yes_no_persistence_or_memory_ablation	candidate_controlled_no_persistence	yes_no_persistence_or_memory_ablation	No-memory, MetaGPT, Generative, Voyager, G-Memory, OAgent/OAgents, JoyAgent, ChatDev, MARTI fine-tuning baseline	In Table 4 with Llama-3.1-8B-Instruct, LatentMem improves AutoGen average from 52.86 to 61.82, MacNet from 53.38 to 61.00, CAMEL from 53.37 to 60.04, and DyLAN from 52.80 to 60.06; KodCode gains range from +14.90 to +18.45 points.	Extracted evidence names a no-memory/no-persistence comparator or a memory-component ablation.
I068	li2026learningcommit	Learning to Commit: Generating Organic Pull Requests via Online Repository Memory	yes_no_persistence_or_memory_ablation	needs_manual_review	yes_no_persistence_or_memory_ablation	Base agent without skill document under the same Claude Opus 4.6 tool-use capabilities	Table 2 reports File IoU improvements in three of four settings, including 80% versus 61% in seq-all and 80% versus 68% in par-bycat. Table 3 reports skill-agent win rates of 54%/57% in par-bycat and 55%/58% in seq-all under Claude/Gemini judges.	Extracted evidence names a no-memory/no-persistence comparator or a memory-component ablation.
I069	li2026memcoder	MEMCoder: Multi-dimensional Evolving Memory for Private-Library-Oriented Code Generation	yes_no_persistence_or_memory_ablation	candidate_component_ablation_review	yes_no_persistence_or_memory_ablation	Naive RAG, EpiGen, CAPIR, ReMem, DC-RS, MEMCoder ablations, and oracle static documentation analysis	With Qwen2.5-Coder, Naive RAG plus MEMCoder reaches 52.54 Pass@1 on NdonnxEval and 33.74 on NumbaEval versus Naive RAG at 27.22 and 23.16. In continual-learning comparison, MEMCoder reaches 33.74 Pass@1 on NumbaEval versus ReMem 23.16 and DC-RS 17.33.	Extracted evidence names a no-memory/no-persistence comparator or a memory-component ablation.
I070	chang2026memcollab	MemCollab: Cross-Agent Memory Collaboration via Contrastive Trajectory Distillation	yes_no_persistence_or_memory_ablation	candidate_controlled_no_persistence	yes_no_persistence_or_memory_ablation	Vanilla agent, Buffer of Thoughts, Dynamic Cheatsheet, memory from same model, memory from another model, self-contrast memory	For Qwen2.5-7B, MemCollab improves average accuracy from 57.1 to 71.6; MBPP improves from 47.9 to 57.6 and HumanEval from 42.7 to 74.4. For Qwen2.5-32B, average accuracy improves from 70.8 to 79.6.	Extracted evidence names a no-memory/no-persistence comparator or a memory-component ablation.
I071	wang2026memgovern	MemGovern: Enhancing Code Agents through Learning from Governed Human Experiences	yes_no_persistence_or_memory_ablation	candidate_controlled_no_persistence	yes_no_persistence_or_memory_ablation	SWE-Agent (sem memória), AutoCodeRover, CodeAct, SWESynInfer, mini-SWE-agent, RAG estático, Agentic RAG	+3.2pp com Claude 4 Sonnet (69.8% vs 66.6%); +8.2pp com Qwen3-235B (55.4% vs 47.2%); +9.4pp com GPT-4o (32.6% vs 23.2%); média +4.65pp em 7 LLMs	Extracted evidence names a no-memory/no-persistence comparator or a memory-component ablation.
I073	kim2026memorytransfer	Memory Transfer Learning: How Memories are Transferred Across Domains in Coding Agents	yes_no_persistence_or_memory_ablation	candidate_component_ablation_review	yes_no_persistence_or_memory_ablation	Zero-shot coding agent, ReasoningBank, AgentKB, memory retrieval variants with LLM reranking and adaptive rewriting	With GPT-5-mini, zero-shot average Pass@3 is 0.523 and MTL with Insight reaches 0.560. MTL outperforms ReasoningBank and AgentKB on the three-benchmark comparison with average 0.630 versus 0.601 and 0.613.	Extracted evidence names a no-memory/no-persistence comparator or a memory-component ablation.
I074	feng2026odel	ODEL: An Experience-Augmented Self-Evolving Framework for Efficient Python-to-C++ Code Translation	yes_no_persistence_or_memory_ablation	candidate_component_ablation_review	yes_no_persistence_or_memory_ablation	Qwen2.5-Coder single-agent, UniTrans Method, Multi-Agent no-experience, ODEL internal experience, Deepseek-Coder single-agent, Deepseek-Coder ODEL	ODEL External Experience outperforms UniTrans at 72.16% Pass@1 and 76.64% Pass@10. It also improves over ODEL Internal Experience by 6.35 Pass@1 points and 4.32 Pass@10 points.	Extracted evidence names a no-memory/no-persistence comparator or a memory-component ablation.
I076	jiang2026opengame	OpenGame: Open Agentic Coding for Games	yes_nonmemory_external_baseline	candidate_controlled_no_persistence	yes_nonmemory_external_baseline	Direct LLMs, qwen-code, Cursor, Qwen-3.5-27B, GameCoder-27B, ablations without hook-driven implementation, three-layer reading, physics-first classification, evolved templates, and living debug protocol	OpenGame with Claude Sonnet 4.6 outperforms Cursor with Claude Sonnet 4.6 by 5.6 Build Health, 5.8 Visual Usability, and 6.2 Intent Alignment points. GameCoder-27B reaches 63.9/57.0/54.1 and outperforms every direct LLM baseline on Build Health and Intent Alignment.	Extracted evidence reports quantitative comparison against external or generic systems without the reviewed persistence architecture; count separately from strict ablations if needed.
I077	li2026opensage	OpenSage: Self-programming Agent Generation Engine	yes_no_persistence_or_memory_ablation	candidate_controlled_no_persistence	yes_no_persistence_or_memory_ablation	Anthropic Agent, OpenHands, Droid, Simple Codex, Claude Code, SWE-agent, Agentless, Mem0g, NoMem, OpenSage feature ablations	On SWE-Bench Pro, SageAgent with Gemini 3 Flash reaches 59.0% versus SWE-agent 40.2% and Agentless 9.4%. In the memory ablation, OpenSage reaches 59.0 versus Mem0g 56.4 and NoMem 56.2.	Extracted evidence names a no-memory/no-persistence comparator or a memory-component ablation.
I078	li2026ocrd	Outcome-Conditioned Reasoning Distillation for Resolving Software Issues	yes_nonmemory_external_baseline	candidate_component_ablation_review	yes_nonmemory_external_baseline	Agentless, SWE-Agent, OpenHands, AutoCodeRover, MoatlessTools, MASAI, AutoCodeRover-v2, SWE-Search, O-CRD without Exemplar Guardian, O-CRD with MCTS-style forward search	With GPT-4o, O-CRD improves over Agentless from 27.3% to 37.7% Pass@1 and exceeds SWE-Search by 6.7 percentage points. With GPT-5, it improves Agentless from 29.7% to 40.0%; with DeepSeek-V3, from 27.0% to 35.6%.	Extracted evidence reports quantitative comparison against external or generic systems without the reviewed persistence architecture; count separately from strict ablations if needed.
I079	wu2026reasoningmemory	Procedural Knowledge at Scale Improves Reasoning	yes_no_persistence_or_memory_ablation	candidate_component_ablation_review	yes_no_persistence_or_memory_ablation	No RAG, Trajectory RAG prefix, Trajectory RAG summary, Template RAG ReasonFlux, Template RAG Self-Discover, Document RAG CompactDS, Document RAG Google, retrieval-free Length Scaling	On LiveCodeBench V1-4 with Qwen3-32B and m=30, Reasoning Memory reaches 0.471 versus Length Scaling 0.405 and No RAG 0.387 at m=8; on LiveCodeBench V5-6 it reaches 0.508 versus Length Scaling 0.476 and No RAG 0.465.	Extracted evidence names a no-memory/no-persistence comparator or a memory-component ablation.
I080	hao2026recreate	ReCreate: Reasoning and Creating Domain Agents Driven by Experience	yes_nonmemory_external_baseline	candidate_controlled_no_persistence	yes_nonmemory_external_baseline	CoT, Step-Back Abstraction, Self-Refine, LIVE, OPRO, ExpeL, ADAS, AgentSquare, ReCreate without creation router, ReCreate without domain update	On SWE subsets, ReCreate reaches 60.19 on Django and 63.64 on SymPy, exceeding the best baseline in each row. It also improves over ADAS and AgentSquare averages by more than seven points.	Extracted evidence reports quantitative comparison against external or generic systems without the reviewed persistence architecture; count separately from strict ablations if needed.
I081	gangireddi2026revere	REVERE: Reflective Evolving Research Engineer for Scientific Workflows	yes_no_persistence_or_memory_ablation	candidate_controlled_no_persistence	yes_no_persistence_or_memory_ablation	Minimal baseline prompts, Static SOTA prompts, GEPA, ACE, REVERE without cheatsheet, REVERE without auxiliary context, REVERE without reflection history, REVERE without Global Training Context	REVERE improves SUPER Overall by +4.50 over Static SOTA, ResearchCodeBench Accuracy by +1.3, and ScienceAgentBench SuccessRate by +4.89; removing the full Global Training Context drops the representative SUPER Overall from 34.7 to 16.0.	Extracted evidence names a no-memory/no-persistence comparator or a memory-component ablation.
I082	singh2026ruleflow	RuleFlow: Generating Reusable Program Optimizations with LLMs	yes_nonmemory_external_baseline	needs_manual_review	yes_nonmemory_external_baseline	DIAS, MODIN, DASK, KOALAS, single-agent RuleGen ablation	RuleFlow reaches a maximum speedup of 4.3x over DIAS and 1914.89x over MODIN; compared with a single-agent RuleGen variant, the multi-agent RuleGen obtains 68% valid rules versus 18%.	Extracted evidence reports quantitative comparison against external or generic systems without the reviewed persistence architecture; count separately from strict ablations if needed.
I083	wu2026llmamem	Scaling Teams or Scaling Time? Memory Enabled Lifelong Learning in LLM Multi-Agent Systems	yes_no_persistence_or_memory_ablation	candidate_controlled_no_persistence	yes_no_persistence_or_memory_ablation	No memory, MARBLE memory-enabled MultiAgentBench baseline, A-Mem dynamic memory framework, LLMA-Mem topology variants, LLMA-Mem consolidation-interval variants	In the coding topology ablation with Qwen3-32B-Instruct, local memory obtains TS 49.68, CS 46.69, and AAS 49.43 versus shared 46.79/45.96/48.62 and hybrid 46.52/40.32/46.92.	Extracted evidence names a no-memory/no-persistence comparator or a memory-component ablation.
I085	banerjee2026severa	SEVerA: Verified Self-Evolving Agents	yes_nonmemory_external_baseline	candidate_component_ablation_review	yes_nonmemory_external_baseline	LLM baselines, constrained decoding methods, Agent-C, and SEVerA ablations over verification/learning components	SEVerA exceeds the best constrained-decoding method on GSM-Symbolic by 21.3 percentage points and reports 52.6% on tau2-bench airline versus 47.3% for Agent-C with Claude Sonnet 4.5.	Extracted evidence reports quantitative comparison against external or generic systems without the reviewed persistence architecture; count separately from strict ablations if needed.
I086	fahim2026selfevolve	Software Self-Extension with SelfEvolve: an Agentic Architecture for Runtime Code Generation	yes_nonmemory_external_baseline	candidate_component_ablation_review	yes_nonmemory_external_baseline	AgentCoder, AutoGen, MetaGPT, and SelfEvolve without TDD	SelfEvolve reaches 92.7% Pass@1 versus AutoGen at 30.9%, MetaGPT at 27.3%, and AgentCoder at 0.0%. Removing TDD reduces performance to 72.7% and raises average iterations from 2.2 to 4.7.	Extracted evidence reports quantitative comparison against external or generic systems without the reviewed persistence architecture; count separately from strict ablations if needed.
I087	shen2026structurally	Structurally Aligned Subtask-Level Memory for Software Engineering Agents	yes_no_persistence_or_memory_ablation	candidate_controlled_no_persistence	yes_no_persistence_or_memory_ablation	Vanilla Agent (Mini SWE Agent sem memória), Instance-level Memory (reprodução de ReasoningBank)	+6.8pp Gemini 2.5 Pro (60.3% vs 53.5%); +5.6pp Gemini 2.5 Flash (41.9% vs 36.3%); +3.9pp Claude 3.7 Sonnet (56.1% vs 52.2%); +2.3pp Claude 4.0 Sonnet (65.8% vs 63.5%); média +4.7pp	Extracted evidence names a no-memory/no-persistence comparator or a memory-component ablation.
I088	bhardwaj2026superlocalmemory	SuperLocalMemory V3.3: The Living Brain -- Biologically-Inspired Forgetting, Cognitive Quantization, and Multi-Channel Retrieval for Zero-LLM Agent Memory Systems	no_no_persistence_or_nonmemory_baseline	candidate_controlled_no_persistence	no_no_persistence_or_nonmemory_baseline	Cosine retrieval baseline, SuperLocalMemory V3.2 baseline, LoCoMo baselines and Mode C variants	The paper reports +23.8 percentage points on multi-hop, +15.3 on temporal, and +12.7 on adversarial questions versus the V3.3 baseline, while V3.3 trails V3.2 overall LoCoMo Mode A by 4.4 percentage points due to fusion complexity.	Extracted evidence does not document a no-persistence or non-memory baseline suitable for the controlled-comparison denominator.
I090	zhang2026textbfgs	TextBFGS: A Case-Based Reasoning Approach to Code Optimization via Error-Operator Retrieval	yes_no_persistence_or_memory_ablation	candidate_controlled_no_persistence	yes_no_persistence_or_memory_ablation	TextGrad, TextGrad-Momentum, TextBFGS without case base, and TextBFGS-REMO with problem-based retrieval	On HumanEval-Hard, TextBFGS reaches 97.78/93.33 versus 91.11/82.22 for TextBFGS without case base and 95.56/91.11 for REMO. Cross-domain TextBFGS maintains 74.36 MBPP Plus Pass using a HumanEval case base versus 58.12 for REMO.	Extracted evidence names a no-memory/no-persistence comparator or a memory-component ablation.
I091	chen2026aiscientist	Toward Autonomous Long-Horizon Engineering for ML Research	yes_no_persistence_or_memory_ablation	candidate_controlled_no_persistence	yes_no_persistence_or_memory_ablation	BasicAgent, IterAgent, AiScientist without File-as-Bus, and MLE-Bench Lite leaderboard/baseline systems	On PaperBench, AiScientist improves over IterAgent by 9.92 points with Gemini and 11.36 points with GLM-5. Removing File-as-Bus drops PaperBench by 6.41 points and MLE-Bench Lite any-medal rate by 31.82 points.	Extracted evidence names a no-memory/no-persistence comparator or a memory-component ablation.
I092	li2026traversalaspolicy	Traversal-as-Policy: Log-Distilled Gated Behavior Trees as Externalized, Verifiable Policies for Safe, Robust, and Efficient Agents	yes_nonmemory_external_baseline	needs_manual_review	yes_nonmemory_external_baseline	OpenHands CodeActAgent (gpt-4o native), +Global guardrail only, +GBT-Basic, +GBT-SE (ablation ladder progressiva)	+39.0pp SWE-bench (73.6% vs 34.6%); +47.2pp WebArena (66.9% vs 19.7%); +28.5pp GPQA (87.3% vs 58.7%); violations 2.8%→0.2% SWE-bench; unsafe success 1.2%→0.0%	Extracted evidence reports quantitative comparison against external or generic systems without the reviewed persistence architecture; count separately from strict ablations if needed.
I093	yan2026slump	When the Specification Emerges: Benchmarking Faithfulness Loss in Long-Horizon Coding Agents	yes_no_persistence_or_memory_ablation	needs_manual_review	yes_no_persistence_or_memory_ablation	Emergent specification runs, single-shot specification control, and ProjectGuard mitigation on Claude Code/Codex	Single-shot outperforms emergent specification on 16 of 20 papers for Claude Code and 14 of 20 for Codex. ProjectGuard improves Claude IF50 on 15 of 20 papers; Codex semantic gains are small but DIR improves on 15 of 19 analyzed cases.	Extracted evidence names a no-memory/no-persistence comparator or a memory-component ablation.
I094	deng2026memcoder	Your Code Agent Can Grow Alongside You with Structured Memory	yes_no_persistence_or_memory_ablation	candidate_controlled_no_persistence	yes_no_persistence_or_memory_ablation	OpenHands (Claude Opus 4.5, Claude Sonnet 4.5, GPT-5.2, Gemini 3 Pro), TRAE, DaubanCode, Live-SWE-agent, EPAM AI/Run, Atlassian Rover, ACoder, Warp	+9.4pp vs sem memória com DeepSeek-V3.2 (77.8% vs 68.4%); +3.4pp vs OpenHands+GPT-5.2 (78.8% vs ~74.4%); top-6 no leaderboard SWE-bench Verified	Extracted evidence names a no-memory/no-persistence comparator or a memory-component ablation.
I095	gangireddi2026sare	Self-Adapting Agents for Automating Research Coding Workflows	yes_no_persistence_or_memory_ablation	candidate_controlled_no_persistence	yes_no_persistence_or_memory_ablation	Baseline agent, Static SOTA, GEPA-style adaptation, SARE without ground truth, SARE with ground truth, and SARE ablations without cheatsheet, auxiliary context, reflection, or Global Training Context	SARE without ground truth improves the SUPER overall score to 38.8 versus 29.9 for the baseline, while SARE with ground truth reaches 52.8. Ablating the whole Global Training Context drops SUPER overall from 34.7 to 16.0 in the reported ablation table.	Extracted evidence names a no-memory/no-persistence comparator or a memory-component ablation.
